aerolinea;aerolinea_agrupada
N/A;N/A
AEROLINEAS ARGENTINAS SA;AEROLINEAS ARG / AUSTRAL
AUSTRAL LINEAS AEREAS-CIELOS DEL SUR S.A;AEROLINEAS ARG / AUSTRAL
FB LÍNEAS AÉREAS - FLYBONDI;FLYBONDI
JETSMART AIRLINES S.A.;JETSMART
LAN ARGENTINA S.A. (LATAM AIRLINES);LATAM
BAIRES FLY SA;BAIRES FLY
NORWEGIAN AIR ARGENTINA S.A.U.;NORWEGIAN AIR
AMERICAN JET S.A.;AMERICAN JET
GOL LINHAS AÉREAS S.A.;GOL
LAN AIRLINES S.A.;LATAM
COMPAÑIA PANAMEÑA DE AVIACION;COPA
FUERZA AEREA ARGENTINA (FAA);FUERZA AEREA ARGENTINA
TAM - TRANSPORTES AEREOS MERIDIONAIS S/A;LATAM
AMERICAN AIRLINES INC.;AMERICAN AIRLINES
LAN PERU;LATAM
FUERZA AEREA ARGENTINA;FUERZA AEREA ARGENTINA
ANDES LÍNEAS AÉREAS S.A.;ANDES LÍNEAS AÉREAS
SKY AIRLINE S.A.;SKY AIRLINE
FLYING TIME;ACADEMIA FLYING TIME
AEROVIP (URUGUAY);AEROVIP (URUGUAY)
IBERIA - LINEAS AÉREAS DE ESPAÑA;IBERIA
EJERCITO ARGENTINO;EJERCITO ARGENTINO
L.A.D.E.;LADE
LADE;LADE
AVIANCA AEROVIAS NACIONALES COLOMBIA;AVIANCA
LATAM AIRLINES GROUP S.A.(exLAN AIRLINE);LATAM
AERORUTAS S.A. DE TRANSP. AER.;AERORUTAS
KLM ROYAL DOUTCH AIRLINES;KLM ROYAL DUTCH
FLYING AMERICA SA;FLYING AMERICA
AEROVIDA S.A.;AEROVIDA
AEROMAS (URUGUAY);AEROMAS (URUGUAY)
AIR EUROPA LINEAS AEREAS;AIR EUROPA
AZUL LINEA AEREA;AZUL LINEA AEREA
BOLIVIANA DE AVIACION;BOLIVIANA DE AVIACION
UNITED AIRLINES INC. (EEUU);UNITED AIRLINES
AVIAN LINEAS AEREAS S.A. (AVIANCA);AVIANCA
"JUST FLIGHT  ""ROYAL CLASS""";ROYAL CLASS
AEROVIAS DE MEXICO - AEROMEXICO;AEROMEXICO
AMASZONAS DEL PARAGUAY;AMASZONAS
LATAM AIRLINES BRASIL (exTAM LA SA);LATAM
SOCORRO MEDICO PRIVADO (VITTAL);VITTAL (Socorro Médico)
QATAR AIRWAYS;QATAR AIRWAYS
LUFTHANSA;LUFTHANSA
AERONAUTICA S.A.;AERONAUTICA S.A.
TENIL S.A.;TENIL S.A.
AIR FRANCE;AIR FRANCE
BRITISH AIRWAYS;BRITISH AIRWAYS
DELTA AIRLINES;DELTA AIRLINES
UNITED PARCEL SERVICE COMPANY (EEUU);UPS
TURK HAVA YOLLARI (TURKISH AIRLINES CO.);TURKISH AIRLINES
FLYEST S.A. LÍNEAS AÉREAS;FLYEST LÍNEAS AÉREAS
TRANSPORTES AEREOS DEL MERCOSUR;LATAM
CWO S.A. - SUN FLIGHT;ESCUELA SUN FLIGHT
JETSMART AIRLINES SPA;JETSMART
TACA PERU;AVIANCA
ETHIOPIAN AIRLINES;ETHIOPIAN AIRLINES
AIR CANADA;AIR CANADA
LUFTHANSA CARGO AG.;LUFTHANSA CARGO AG.
AMASZONAS S.A;AMASZONAS
ALITALIA LINEAS AEREAS;ALITALIA
ATLAS AIR (EEUU);ATLAS AIR (EEUU)
COMPAÑÍA DE AVIACIÓN PARAGUAYA S.A.;PARANAIR
NORWEGIAN;NORWEGIAN AIR
EMIRATES AIRLINES;EMIRATES AIRLINES
FAST COLOMBIA S.A.S;FAST COLOMBIA
PRESIDENCIA DE LA NACION;PRESIDENCIA DE LA NACION
RUFU;RUFU
COOPERATIVA T Y C. SERV. NEUQUINOS LTDA;COOPERATIVA T Y C. SERV. NEUQUINOS
LAN ECUADOR;LATAM
TWR SRL;TWR SRL
PRIVATE AVIATION CONSULTING S.A.;PRIVATE AVIATION CONSULTING
ITA AIRWAYS;ITA AIRWAYS
EMBAJADA DE LOS ESTADOS UNIDOS;EMBAJADA DE LOS ESTADOS UNIDOS
TIA S.A.;TIA S.A.
AIR NEW ZEALAND LTD;AIR NEW ZEALAND
FUERZA AEREA URUGUAYA;FUERZA AEREA URUGUAYA
MARTINAIR HOLLAND;MARTINAIR HOLLAND
CREOLMAR S.A;CREOLMAR S.A
ESCUELA DE VUELO CORRIENTES;ESCUELA DE VUELO CORRIENTES
ESC.FEDERAL DE AVIACION POLICIAL;ESCUELA FEDERAL POLICIAL
RUFU SOC. DE ACCIONES SIMPLIFICADA;RUFU
SWISS InternacionalNATIONAL AIR LINES LTD.;SWISS AIRLINES
MD FLY S.A.;MD FLY S.A.
DELTA PLANE S.R L.;DELTA PLANE S.R L.
BRISE SERVICIOS AÉREOS S.A.;BRISE SERVICIOS AÉREOS
CIELOS MEDITERRÁNEOS S.A.;CIELOS MEDITERRÁNEOS
ASNAS;ASNAS
GRUPO IMAS S.A.;GRUPO IMAS S.A.
CABILINE S.A.;CABILINE S.A.
LATAM AIRLINES BRASIL;LATAM
DOS MIL AEROSISTEMA S.A.;DOS MIL AEROSISTEMA S.A.
ESTELAR LATINOAMERICANA C.A;ESTELAR LATINOAMERICANA C.A
AERO REPUBLICA;AERO REPUBLICA
TAM, TRANSPORTES  AEREOS REGIONAIS S.A.;TRANSPORTES  AEREOS REGIONAIS
EDELWEISS ARI AG;EDELWEISS ARI AG
DIRECCION GENERAL DE AER. CBA;DIR GENERAL DE AER. CBA
SKY WEST AVIATION TRUSTEE;SKY WEST AVIATION TRUSTEE
AEROTAX SOCIEDAD ANONIMA (PARAGUAY);AEROTAX SOCIEDAD ANONIMA
KALITTA AIR;KALITTA AIR
SUNDOWN JET S.A.;SUNDOWN JET S.A.
GUAZARA S.A.;GUAZARA S.A.
BROKER AIR S.A.;BROKER AIR S.A.
ESCUELA DE VUELO BA FLIGHT;ESCUELA DE VUELO BA FLIGHT
AERO CLUB BALCARCE;AERO CLUB BALCARCE
FLY MORON;FLY MORON
AEROCARDAL LTDA. (CHILE);AEROCARDAL LTDA. (CHILE)
PRO FLIGHT ACADEMY SRL;PRO FLIGHT ACADEMY
WIDEWORLD SERVICES;WIDEWORLD SERVICES
BANCO SAFRA S.A.;BANCO SAFRA S.A.
TAMPA CARGO S.A.;TAMPA CARGO S.A.
TVPX AIRCRAFT SOLUTIONS INC TRUSTEE;TVPX AIRCRAFT SOLUTIONS INC
AERO CLUB PATAGONES;AERO CLUB PATAGONES
BROZAM;BROZAM
AVIASUR AIRCRAFT MANAGEMENT SPA;AVIASUR AIRCRAFT MANAGEMENT SPA
FLYING TIME S.R.L;FLYING TIME S.R.L
SERV AEREOS SUDAMERICANOS S.A.;SERV AEREOS SUDAMERICANOS S.A.
CUBANA DE AVIACION S.A.;CUBANA DE AVIACION S.A.
MASSONE;MASSONE
POLICIA DE SEGURIDAD AEROPORTUARIA;POLICIA DE SEGURIDAD AEROPORTUARIA
FLY MORON- EMANUEL M. ROUQUETTE;FLY MORON
INTEGRAL AGROPECUARIA S.A.;INTEGRAL AGROPECUARIA S.A.
SMART FLIGHT S.A;SMART FLIGHT S.A
HELICOPTEROS DEL PACIFICO;HELICOPTEROS DEL PACIFICO
AERONAUTICA BARON S.R.L.;AERONAUTICA BARON S.R.L.
PRO FLIGHT SRL;PRO FLIGHT SRL
GESTAIR S.A.;GESTAIR S.A.
COWAN OVERSEAS S.A.;COWAN OVERSEAS S.A.
AEROVIAS DAP (CHILE);AEROVIAS DAP (CHILE)
LINEAS AEREAS COSTARICENSES;LINEAS AEREAS COSTARICENSES
SKYWEST INC TRUSTEE;SKYWEST
AIR CLASS (URUGUAY);AIR CLASS (URUGUAY)
FALCON URU LLC;FALCON URU LLC
ALABE SERVICIOS AEREOS SRL (URUGUAY);ALABE SERVICIOS AEREOS
FUERZA AEREA ARGENTINA;FUERZA AEREA ARGENTINA
YPF AVIACION CORPORATIVA;YPF AVIACION CORPORATIVA
AERO CLUB VIEDMA;AERO CLUB VIEDMA
SKY LEASE CARGO;SKY LEASE CARGO
FLIGHT CONSULTANCING SERVICE LLC;FLIGHT CONSULTANCING SERVICE LLC
ZONA CELESTE S.A.;ZONA CELESTE S.A.
FUERZA AEREA BRASILERA;FUERZA AEREA BRASILERA
EXECUTIVE JET MANAGEMENT, INC;EXECUTIVE JET MANAGEMENT, INC
CICA;CICA
HANGAR UNO S.A;HANGAR UNO S.A
AEROWNERSHIP NORTH AMERICAN;AEROWNERSHIP NORTH AMERICAN
MD HELICÓPTEROS S.A.;MD HELICÓPTEROS S.A.
USMIL - GUARDIA NAC.F.AER. (EEUU);USMIL - GUARDIA NAC.F.AER. (EEUU)
5D+ CAPITAL FINANCIAL GROUP;5D+ CAPITAL FINANCIAL GROUP
ADAMS AVIATION;ADAMS AVIATION
AMERICAN REAL STATE TRUST LLC;AMERICAN REAL STATE TRUST LLC
COMLUX AVIATION AG;COMLUX AVIATION AG
INVERSIONES PUNTA BRAVA;INVERSIONES PUNTA BRAVA
BERTOLACCINI;BERTOLACCINI
CENTRO AVIACION CIVIL SAN JUAN;CENTRO AVIACION CIVIL SAN JUAN
AIRCRAFT GUARANTY CORP.;AIRCRAFT GUARANTY CORP.
COMPAÑIA DE BEBIDAS DAS AMERICAS AMBEV;COMPAÑIA AMBEV
LATAM LLC.;LATAM
AMERICAN CHARTER SERVICES LLC;AMERICAN CHARTER SERVICES LLC
VOLTIANO SA;VOLTIANO SA
FLY UP S.R.L;FLY UP S.R.L
FUERZA AEREA PARAGUAYA;FUERZA AEREA PARAGUAYA
ENRIQUE PINEYRO;ENRIQUE PINEYRO
ALCOHOLES DEL URUGUAY;ALCOHOLES DEL URUGUAY
BARRICK (CHILE);BARRICK (CHILE)
FELIX LUIS LEBORGNE CAUBARRERE;FELIX LUIS LEBORGNE CAUBARRERE
INTREBBIA SRL;INTREBBIA SRL
DELTA PLANE S.R.L.;DELTA PLANE S.R.L.
CENTRO DE AVIACION CIVIL SAN JUAN;CENTRO DE AVIACION CIVIL SAN JUAN
IRIGOIN ALFREDO;IRIGOIN ALFREDO
COULSON AVIATION;COULSON AVIATION
PATAGONIA JET S.A.;PATAGONIA JET S.A.
RAPETTI DANIEL;RAPETTI DANIEL
PATAGONIAN AIR S.A.;PATAGONIAN AIR S.A.
BRAVO ZULU S.A;BRAVO ZULU S.A
BRICKSTAR SERVICIOS AEREOS S.A;BRICKSTAR SERVICIOS AEREOS S.A
COLCAR MERBUS S.A;COLCAR MERBUS S.A
CONCRET MIX S.A.;CONCRET MIX S.A.
TEXTRON AVIATION;TEXTRON AVIATION
CLASSE STELLE S.A.;CLASSE STELLE S.A.
PATRICIO JUAN NELSON DEANE;PATRICIO JUAN NELSON DEANE
TRANSCENTURION (URUGUAY);TRANSCENTURION (URUGUAY)
VISTA JET;VISTA JET
ELAIR S.A.;ELAIR S.A.
AVIATION FACILITY;AVIATION FACILITY
LIDER TAXI AEREO S.A AIR BRASIL;LIDER TAXI AEREO S.A AIR BRASIL
MAIZTEGUI GUILLERMO;MAIZTEGUI GUILLERMO
MASTER FLIGHT S.R.L.;MASTER FLIGHT S.R.L.
OAE;OAE
EMAP S.A;EMAP S.A
FLIGHT LINE S.R.L.;FLIGHT LINE S.R.L.
MUJICA RUIZ RUBEN;MUJICA RUIZ RUBEN
PETREL AERO SERVICIOS S.A.;PETREL AERO SERVICIOS S.A.
FLY ONE S.A;FLY ONE S.A
MATRIX AVIATION INC;MATRIX AVIATION INC
PSA;PSA
SANTIAGO FERMIN WIRSCH;SANTIAGO FERMIN WIRSCH
SERVICIOS HELICENTER;SERVICIOS HELICENTER
ARGENTRE ENTERPRISES LTDA.;ARGENTRE ENTERPRISES LTDA.
FLY ONE;FLY ONE
AERO REGIONAL;AERO REGIONAL
QATAR EXECUTIVE;QATAR EXECUTIVE
GIGENA ANDRES H;GIGENA ANDRES H
FLIGHT TOURS S.R.L.;FLIGHT TOURS S.R.L.
LIDER TAXI AEREO (BRASIL);LIDER TAXI AEREO (BRASIL)
VISTAJET LIMITD;VISTAJET LIMITD
AEROTEC ARGENTINA S.A.;AEROTEC ARGENTINA S.A.
DIVIJET SA;DIVIJET SA
FRAN INC.;FRAN INC.
HELICORP;HELICORP
GARCES DOILLE JORGE RENE;GARCES DOILLE JORGE RENE
SPECIAL FLIGHTS S.A;SPECIAL FLIGHTS S.A
TAVISTOCK AVIATION;TAVISTOCK AVIATION
VOLAR;VOLAR
BANK OF UTAH TRUSTEE;BANK OF UTAH TRUSTEE
PAPANTLACA;PAPANTLACA
PROFLIGHTS INC;PROFLIGHTS INC
TREBOL MARINO (URU);TREBOL MARINO (URU)
INTEGRAL AGROPECUARIA S.C.C.;INTEGRAL AGROPECUARIA S.C.C.
CABO ROJO;CABO ROJO
OHLMANN, KLAUS;OHLMANN, KLAUS
VINCENT JACK TAYLOR;VINCENT JACK TAYLOR
JET AVIATION LLC;JET AVIATION LLC
FLIGHT CENTER- TWR S.R.L;FLIGHT CENTER- TWR S.R.L
HELIDOSA AVAITION GROUP;HELIDOSA AVAITION GROUP
JASFLY S.A.;JASFLY S.A.
JET AVIATION;JET AVIATION
OTHEGUY Y MARTIN;OTHEGUY Y MARTIN
AVIAJET S.A.;AVIAJET S.A.
COPTER LEASE LLC TRUSTEE;COPTER LEASE LLC TRUSTEE
TAPSA;TAPSA
BOSQUES NUEVOS S.A.;BOSQUES NUEVOS S.A.
J. W. CHILDS ASSOCIATES, INC.;J. W. CHILDS ASSOCIATES, INC.
ALBAMAN S.R.L.;ALBAMAN S.R.L.
EMPRESA ALAS ARGENTINAS S.R.L.;EMPRESA ALAS ARGENTINAS S.R.L.
SIDERAL LA;SIDERAL LA
ESC. FEDERAL AVIACION POLICIAL;ESC. FEDERAL AVIACION POLICIAL
HORZ THOMAS;HORZ THOMAS
LEONEL DomésticoINGUEZ (URUAGUAY);LEONEL DOMINGUEZ
UY FLIGHT;UY FLIGHT
BRASIL VIDA TAXI AEREO LTDA;BRASIL VIDA TAXI AEREO LTDA
GOB.ESTADO PARANA BRASIL;GOB.ESTADO PARANA BRASIL
RAIZEN ENERGIA SA;RAIZEN ENERGIA SA
JORGE RONERTO EBERT;JORGE RONERTO EBERT
JUIZ DE FORA EMPRESA DE VIGILANCIA LTDA;JUIZ DE FORA LTDA
MIGUEL DEPOLO TISSAVAK;MIGUEL DEPOLO TISSAVAK
SERV. EMPRENDIM. AERON. S.A. (FLYZAR);SERV. EMPRENDIM. AERON.
AAXOD S.A;AAXOD S.A
CARILUZ;CARILUZ
FENIX AVIACION S.A.;FENIX AVIACION S.A.
FLEXJET LLC;FLEXJET LLC
GENESIS AVIACION;GENESIS AVIACION
MARFRIG;MARFRIG
PLATINUM 23 LEASING COMPANY;PLATINUM 23 LEASING COMPANY
RAFAGAZUL S.A.;RAFAGAZUL S.A.
DLR RESCARCH FLIGHT OPERATIONS;DLR RESCARCH FLIGHT OPERATIONS
FUERZA AEREA E.E.U.U.;FUERZA AEREA E.E.U.U.
POLAR S.A.;POLAR S.A.
AERO CLUB SAN RAFAEL;AERO CLUB SAN RAFAEL
AEROESTE S.R.L. (BOLIVIA);AEROESTE S.R.L. (BOLIVIA)
HANGAR UNO;HANGAR UNO
PINOPARK SA;PINOPARK SA
POLICIA DE LA CIUDAD DE BUENOS AIRES;POLICIA DE LA CIUDAD DE BUENOS AIRES
TRIPIERI PARTICIPACOES LTDA;TRIPIERI PARTICIPACOES LTDA
CIELOS DEL SUR INC.;CIELOS DEL SUR INC.
CONCRET MIX SA;CONCRET MIX SA
FERNÁNDEZ PEDRO E. Y NONIS JORGE MARTÍN;FERNÁNDEZ PEDRO E. Y NONIS JORGE MARTÍN
FLYUP S.A.;FLYUP S.A.
NETJETS AVIATION INC;NETJETS AVIATION INC
FLY SUMMER;FLY SUMMER
MANUEL TOCORNAL;MANUEL TOCORNAL
STRONG TOWER SERVICE LLC;STRONG TOWER SERVICE LLC
TAXI AEREO HERCULES LTDA.;TAXI AEREO HERCULES LTDA.
HANGAR SUD S.R.L;HANGAR SUD S.R.L
HARRINFORD LTD AND AS ENDORSED;HARRINFORD LTD AND AS ENDORSED
HELISUL TAXI AEREO LTDA;HELISUL TAXI AEREO LTDA
HORIZON AMERICA (EEUU);HORIZON AMERICA (EEUU)
TAXI AEREO PIRACICABA LTDA.;TAXI AEREO PIRACICABA LTDA.
TELMO MACHADO NUNES;TELMO MACHADO NUNES
AEROSPACE AVIATION SERVICES INC TRUSTEE;AEROSPACE AVIATION SERVICES INC TRUSTEE
CARONERO S.A;CARONERO S.A
CONVIASA SA;CONVIASA SA
DomésticoAIR;DomésticoAIR
EXECUJET (SUIZA);EXECUJET (SUIZA)
JOHN BELL THOMSON;JOHN BELL THOMSON
NATIONAL AIRLINES;NATIONAL AIRLINES
PANCHITA G DE NAVEGACION;PANCHITA G DE NAVEGACION
TABESA;TABESA
ARRECIFE LIMITADA;ARRECIFE LIMITADA
AZTUR TAXI AERGO;AZTUR TAXI AERGO
FUERZA AEREA BOLIVIANA;FUERZA AEREA BOLIVIANA
FUERZA AEREA CHILENA;FUERZA AEREA CHILENA
NET JETS (EEUU);NET JETS (EEUU)
CJ LEASING LLC;CJ LEASING LLC
EASTERN AIRLINES;EASTERN AIRLINES
ICON TAXI AEREO;ICON TAXI AEREO
JETPAR LLC;JETPAR LLC
JHON DEERE BRASIL LTDA.;JHON DEERE BRASIL LTDA.
MONTE VERDE AGROENERGETICA S.A.;MONTE VERDE AGROENERGETICA S.A.
CDT MGMT LLC;CDT MGMT LLC
HELIDOSA;HELIDOSA
JET AVIATION BUSINESS JETS AG;JET AVIATION BUSINESS JETS AG
MUNSER AVIACION S.A.;MUNSER AVIACION S.A.
ADMINISTRADORA E INVERSIONES PH;ADMINISTRADORA E INVERSIONES PH
ALAS SANTIAGO S.A.;ALAS SANTIAGO S.A.
CDD CONSTRUCCIONES S.A.;CDD CONSTRUCCIONES S.A.
CHIMULAY;CHIMULAY
AEROANDINA (CHILE);AEROANDINA (CHILE)
ALABE SERVICIOS AEREOS SRL;ALABE SERVICIOS AEREOS SRL
CLUB AEREO PUERTO MONT;CLUB AEREO PUERTO MONT
INQUIMA LTDA. (BRASIL);INQUIMA LTDA. (BRASIL)
ONTARIO INC.- BARRICK GOLD CORP (CANADA);ONTARIO INC.- BARRICK GOLD CORP (CANADA)
TIENDAS INDUSTRIALES ASOCIADAS SA;TIENDAS INDUSTRIALES ASOCIADAS SA
VOAR COOP;VOAR COOP
AEROTEC S.A.;AEROTEC S.A.
BARCOS Y RODADOS;BARCOS Y RODADOS
BRAZILIAN AIR FORCE;BRAZILIAN AIR FORCE
CHEVRON CORP.;CHEVRON CORP.
GANADERA LOS LAZOS SA;GANADERA LOS LAZOS SA
HERNANDEZ GONZALEZ SA;HERNANDEZ GONZALEZ SA
JET AVIATION BUSINESS JETS INC;JET AVIATION BUSINESS JETS INC
JF AIRCORP INC;JF AIRCORP INC
LOS BOLDOS DE VILLARICA SPA;LOS BOLDOS DE VILLARICA SPA
AOJ;AOJ
BCO CAMPO;BCO CAMPO
CABANILLAS LUCAS;CABANILLAS LUCAS
FUERZA AEREA  ESTADOS UNIDOS;FUERZA AEREA E.E.U.U.
JAEGGLI VALDEZ, JUAN PABLO;JAEGGLI VALDEZ, JUAN PABLO
OTRO;OTRO
RUDY SCHMITT;RUDY SCHMITT
AERO CLUB ALLEN;AERO CLUB ALLEN
AERO CLUB SANTA FE;AERO CLUB SANTA FE
AEROCLUB OSORNO;AEROCLUB OSORNO
ALBINATI AERONAUTICS S.A;ALBINATI AERONAUTICS S.A
DIESEL ACQUISITTIONS LLC;DIESEL ACQUISITTIONS LLC
GOL TRANSPORTES AEREOS (BRASIL);GOL TRANSPORTES AEREOS (BRASIL)
HELICOPTER SERVICES LTD;HELICOPTER SERVICES LTD
HELISTAR;HELISTAR
MACBENS PATRIMONIAL LTDA SA;MACBENS PATRIMONIAL LTDA SA
MARIO DE LOS SANTOS;MARIO DE LOS SANTOS
PACIFIC OCEAN S.A.;PACIFIC OCEAN S.A.
SCOLA IDOATE, RAMON;SCOLA IDOATE, RAMON
A-OK JETS;A-OK JETS
COMERCIALIZADORA CARACAS C.A;COMERCIALIZADORA CARACAS C.A
EURO CARGO;EURO CARGO
FLIGHT EXPRESS S.A.;FLIGHT EXPRESS S.A.
HELIAMERICA (BOLIVIA);HELIAMERICA (BOLIVIA)
LOS TRIGALES;LOS TRIGALES
ACM AIR CHARTER;ACM AIR CHARTER
ADRIANA GONZALEZ;ADRIANA GONZALEZ
AEROSERVICIOS TRONADOR SPA;AEROSERVICIOS TRONADOR SPA
AV EXPERTS LLC;AV EXPERTS LLC
BLUE VISTA LLC;BLUE VISTA LLC
CANTORE SERVICIOS AEREOS;CANTORE SERVICIOS AEREOS
ESCUELA DE PREFECTURA;ESCUELA DE PREFECTURA
FABIAN WYNTE;FABIAN WYNTE
GAMA AVIATION LLC;GAMA AVIATION LLC
HELIBRAS HELICOPTER (BRASIL);HELIBRAS HELICOPTER (BRASIL)
JOHN DEERE DO BRASIL;JOHN DEERE DO BRASIL
RJR AVIACZO;RJR AVIACZO
SKY TOY LLC;SKY TOY LLC
SUNSET AVIATION LLC SOLARIUS AVIATION;SUNSET AVIATION LLC SOLARIUS AVIATION
SUPERYACHT AVIATION SERVICES;SUPERYACHT AVIATION SERVICES
TRESTON AVIATION;TRESTON AVIATION
FENDA S.A.;FENDA S.A.
INV. PINTUEYE S.A;INV. PINTUEYE S.A
J Y B GLOBAL;J Y B GLOBAL
LEADER FLY S.A.;LEADER FLY S.A.
SHELL AIRCRAFT LTD.;SHELL AIRCRAFT LTD.
SKY FLIGHT S.R.L.;SKY FLIGHT S.R.L.
UNITED STATES OF AMERICA (EEUU);UNITED STATES OF AMERICA (EEUU)
ACASS CANADA LTD;ACASS CANADA LTD
AERO KAS S.A;AERO KAS S.A
AIR SERVICE LIEGE N.V.;AIR SERVICE LIEGE N.V.
AIR TANKER LEASING LLC;AIR TANKER LEASING LLC
BANK OF UTAH OWNER TRUSTEE;BANK OF UTAH OWNER TRUSTEE
CENTRO REGIONAL DE INSTRUCCION CAÑUELAS;CENTRO REGIONAL DE INSTRUCCION CAÑUELAS
ELID SA;ELID SA
HALLIBURTON COMPANY;HALLIBURTON COMPANY
IMETAME METALMECANICA LTDA;IMETAME METALMECANICA LTDA
SMART SERVICE S.A.;SMART SERVICE S.A.
ANDES AIR LTDA;ANDES AIR LTDA
COPPER TRADING S.A.;COPPER TRADING S.A.
DGO REPRESENTACOES LDTA;DGO REPRESENTACOES LDTA
GENESIS AVIACION-JORGE M. CANDIOTI;GENESIS AVIACION-JORGE M. CANDIOTI
GLOBAL AIRCRAFT TRUST INC TRUSTE;GLOBAL AIRCRAFT TRUST INC TRUSTE
GULFSTREAM AEROSPACE;GULFSTREAM AEROSPACE
KAIKEN LINEAS AEREAS S.A.;KAIKEN LINEAS AEREAS S.A.
LAVORO ADM. DE BENS E PARTICIPACOES LTDA;LAVORO ADM. DE BENS E PARTICIPACOES LTDA
LEIS HERMANN R.;LEIS HERMANN R.
NATIONAL CARGO;NATIONAL CARGO
NETJETS, TRANSPORTES AEREOS S.A.;NETJETS, TRANSPORTES AEREOS S.A.
SDB COMERCIO DE ALIMENTOS LTDA;SDB COMERCIO DE ALIMENTOS LTDA
SERVICIOS AEREOS DEL SUR S.A.S.;SERVICIOS AEREOS DEL SUR S.A.S.
SERVICIOS AEREOS FORESTALES LTDA;SERVICIOS AEREOS FORESTALES LTDA
UNIVIDA AIR TAXI AEREO;UNIVIDA AIR TAXI AEREO
5DCFG;5DCFG
AEROTRUST SERVICES CORP;AEROTRUST SERVICES CORP
ALBA JET S.A.;ALBA JET S.A.
AVIACION LUPETTI;AVIACION LUPETTI
BRAVO ZULU;BRAVO ZULU
DUCAIR;DUCAIR
ECOCOPTER S.A.;ECOCOPTER S.A.
MAEHARA S.A.A.C.I;MAEHARA S.A.A.C.I
MULTIPLAN EMP. INMOBILIARIAOS;MULTIPLAN EMP. INMOBILIARIAOS
OPP FILM;OPP FILM
PERLAN PROJECT INC;PERLAN PROJECT INC
SEARCA LTDA.;SEARCA LTDA.
SKYSERVICE BUSINESS AVIATION INC;SKYSERVICE BUSINESS AVIATION INC
SOCORRO MEDICO PRIVADO S.A.;SOCORRO MEDICO PRIVADO S.A.
THE COCA COLA  COMPANY;THE COCA COLA  COMPANY
TRANSPORTE SAN FELIPE LTDA (CHILE);TRANSPORTE SAN FELIPE LTDA (CHILE)
VOLAR S.R.L;VOLAR S.R.L
ZAELI ALIMENTOS SUL LTDA.;ZAELI ALIMENTOS SUL LTDA.
167 EAST 63RD HELICOPTER LLC;167 EAST 63RD HELICOPTER LLC
AEROCLUB RECONQUISTA;AEROCLUB RECONQUISTA
AEROCRAFT InternacionalNATIONAL INC;AEROCRAFT InternacionalNATIONAL INC
AERORUTAS;AERORUTAS
ALBINATI AVIATION LTDA;ALBINATI AVIATION LTDA
ALEJO BORDENAVE (URURGUAY);ALEJO BORDENAVE (URURGUAY)
BOLIDOR S.A. (MONTEVIDEO-URUGUAY);BOLIDOR S.A. (MONTEVIDEO-URUGUAY)
CIRRUS DESIGN CORP.;CIRRUS DESIGN CORP.
COM. DE PROD. ESPORTIVOS LTDA;COM. DE PROD. ESPORTIVOS LTDA
CONSULEXPRESS ASSESORIA E CONSULTORIA EM;CONSULEXPRESS ASSESORIA E CONSULTORIA EM
EUROFARMA LABORATORIOS SA;EUROFARMA LABORATORIOS SA
GON LLC;GON LLC
HELIBRAS S.A.;HELIBRAS S.A.
INCO BRASA;INCO BRASA
INVERSIONES Y RENTAS LOS CEDROS (CHILE);INVERSIONES Y RENTAS LOS CEDROS (CHILE)
LOS CEDROS AVIACION;LOS CEDROS AVIACION
LUIS SCOLA;LUIS SCOLA
MARIS FRANCA LLORENS ANTOGNOLI;MARIS FRANCA LLORENS ANTOGNOLI
METALNOR SA (CHILE);METALNOR SA (CHILE)
MIYAZOKI MARCOS;MIYAZOKI MARCOS
POLARIS AVIATION SOLUTIONS;POLARIS AVIATION SOLUTIONS
SEGSER S.A.;SEGSER S.A.
SERVICIOS AEREOS DEL SUR SA;SERVICIOS AEREOS DEL SUR SA
VESTING PARTICIPACOES LTDA;VESTING PARTICIPACOES LTDA
A.C.  ALTO PARANA EL DORADO;A.C.  ALTO PARANA EL DORADO
AERO CLUB ESCOBAR;AERO CLUB ESCOBAR
AIR MAX;AIR MAX
AIRWOLF;AIRWOLF
ALBINATI AERONATICS;ALBINATI AERONATICS
ALPASA SOCIEDAD ANONIMA;ALPASA SOCIEDAD ANONIMA
ALTUS PARTICIPACOES LTDA;ALTUS PARTICIPACOES LTDA
AMAZONAS BOLIVIA;AMAZONAS BOLIVIA
ARCHER DANIELS MIDLAND;ARCHER DANIELS MIDLAND
AURORA AIRCRAFT COMPANY;AURORA AIRCRAFT COMPANY
AVIASUR CHARTER SERVICES S.A.;AVIASUR CHARTER SERVICES S.A.
CAYRUS DANIEL;CAYRUS DANIEL
CESSNA AIRCRAFT COMPANY (USA);CESSNA AIRCRAFT COMPANY (USA)
CORPORACION NACIONAL FORESTAL;CORPORACION NACIONAL FORESTAL
DASNAIR;DASNAIR
DIRECCION GENERAL DE AVICION CIVIL CHILE;DIRECCION GENERAL DE AVICION CIVIL CHILE
ENTROPIC SYNERGIES LLC;ENTROPIC SYNERGIES LLC
FAZENDA SANT ANNA LTDA;FAZENDA SANT ANNA LTDA
HEIKE SCHWEIGERT;HEIKE SCHWEIGERT
IBIS PARTICIPCOES E SERV. LTD (BRASIL);IBIS PARTICIPCOES E SERV. LTD (BRASIL)
JACITARA HOLDING PARTICIPACOES LTDA;JACITARA HOLDING PARTICIPACOES LTDA
JAMES CHAMBERLAIN;JAMES CHAMBERLAIN
JYB GLOBAL S.A;JYB GLOBAL S.A
KNN BRASIL LTDA;KNN BRASIL LTDA
LINCOLN AVIATION INC.;LINCOLN AVIATION INC.
MAS AIR;MAS AIR
MATHESON, RICHARD PAUL;MATHESON, RICHARD PAUL
MAX AIR-AEROMAS S.A. (URUGUAY);MAX AIR-AEROMAS S.A. (URUGUAY)
MERICLER IMPORTADORA;MERICLER IMPORTADORA
MUJICA RUIZ EDUARDO;MUJICA RUIZ EDUARDO
PLASTICOS DE VICENTE S.A.;PLASTICOS DE VICENTE S.A.
QANTAS AIRWAYS LIMITED;QANTAS AIRWAYS LIMITED
RESILIENZA LLC;RESILIENZA LLC
RICHARDSON AVIATION;RICHARDSON AVIATION
SHARCOTT HOLDING LIMITED;SHARCOTT HOLDING LIMITED
SWISS AIR AMBULANCE LTD;SWISS AIR AMBULANCE LTD
TALARIA LOGISTICS LLC;TALARIA LOGISTICS LLC
TRANSPORTES Y SERVIC. AEREOS S.A.(CHILE);TRANSPORTES Y SERVIC. AEREOS S.A.(CHILE)
UNIAIR TAXI AEREO;UNIAIR TAXI AEREO
VIDECAR CONCORDIA;VIDECAR CONCORDIA
VOLGA-DNEPR (RUSIA);VOLGA-DNEPR (RUSIA)
ADMINITRACAO DE BENS PROPIIOS;ADMINITRACAO DE BENS PROPIIOS
AERO TRANSPORTE S.A.;AERO TRANSPORTE S.A.
AEROCLUB GENERAL ROCA;AEROCLUB GENERAL ROCA
AIRBUS;AIRBUS
AITHERAS AVIATION;AITHERAS AVIATION
ALPHAJETS TAXI AEREO LTDA;ALPHAJETS TAXI AEREO LTDA
ARMSTRONG AIRLINES INC.;ARMSTRONG AIRLINES INC.
BRITANIA ELETRONICOS S.A.;BRITANIA ELETRONICOS S.A.
CEAP - AERO CHANNEL S.R.L;CEAP - AERO CHANNEL S.R.L
CHARDAIL SRL;CHARDAIL SRL
DASSAULT AVIATION;DASSAULT AVIATION
DELAWARE TRUST CO TRUSTEE;DELAWARE TRUST CO TRUSTEE
ESTANCIA EL GAUCHO;ESTANCIA EL GAUCHO
EXXONMOBIL CORP. (EEUU);EXXONMOBIL CORP. (EEUU)
FLIGHT CENTER;FLIGHT CENTER
IBR LAM LAMINACAO DE METAIS LTDA;IBR LAM LAMINACAO DE METAIS LTDA
ICARO SERVICE;ICARO SERVICE
PRESIDENTIAL AVIATION INC. (VENEZUELA);PRESIDENTIAL AVIATION INC. (VENEZUELA)
QATAR AMIRI FLIGT;QATAR AMIRI FLIGT
RICARDO KIRILUK;RICARDO KIRILUK
RODRIGUEZ Y RODRIGUEZ CONST.LTDA.;RODRIGUEZ Y RODRIGUEZ CONST.LTDA.
SERV. Y EMPRENDIMIENTOS AERONÁUTICOS S.A;SERV. Y EMPRENDIMIENTOS AERONÁUTICOS S.A
SHEA CARLEY LLC;SHEA CARLEY LLC
SIGNATURE SRL;SIGNATURE SRL
STEVEN TOBIAS WHITLEY;STEVEN TOBIAS WHITLEY
13 DE MAYO SA;13 DE MAYO SA
ADMINISTRACAO E PARTICIPACOES LTDA;ADMINISTRACAO E PARTICIPACOES LTDA
AERO CLUB GENERAL ALVEAR;AERO CLUB GENERAL ALVEAR
AERO SHOP SA;AERO SHOP SA
AEROSUR (BOLIVIA);AEROSUR (BOLIVIA)
AGRISAT S.A.;AGRISAT S.A.
ALAS ARGENTINAS S.R.L.;ALAS ARGENTINAS S.R.L.
ALIMENTOS ESTRELA LTDA;ALIMENTOS ESTRELA LTDA
AMG CAPITAL INVESTIMENT;AMG CAPITAL INVESTIMENT
ARTIGAS SILVEIRA;ARTIGAS SILVEIRA
AVAYU (CHILE);AVAYU (CHILE)
BANCO DAYCOVAL;BANCO DAYCOVAL
C.GARCETE;C.GARCETE
CBB ASFALTOS;CBB ASFALTOS
CENTURION AIR CARGO;CENTURION AIR CARGO
CRAIG BERLAND;CRAIG BERLAND
DAVID RUSSEL ALBIN;DAVID RUSSEL ALBIN
DELTA RIM INC;DELTA RIM INC
EDITORIAL AZTECA;EDITORIAL AZTECA
GANADERIA Y AGRICOLA PALMEIRA S.A.;GANADERIA Y AGRICOLA PALMEIRA S.A.
HANGAR UNO S.A.;HANGAR UNO S.A.
HELICENTER;HELICENTER
IND. MULLER DE BEBIDAS;IND. MULLER DE BEBIDAS
LINEAS AEREAS SUDAMERICANAS;LINEAS AEREAS SUDAMERICANAS
MED AVIACION S.A.;MED AVIACION S.A.
NOLINOR AVIATION;NOLINOR AVIATION
NORTH AMERICAN AIRLINES;NORTH AMERICAN AIRLINES
OFICIAL INSPECTOR MARIO E. WALLACE;OFICIAL INSPECTOR MARIO E. WALLACE
ONE AIRLINES;ONE AIRLINES
ORBITEX S.A.;ORBITEX S.A.
PATAGONIA FLY S.A.;PATAGONIA FLY S.A.
PATISSIER MAX;PATISSIER MAX
PATRICK LUCIEN GEORGES BERTRAND;PATRICK LUCIEN GEORGES BERTRAND
PHILIP JAMES UFKES;PHILIP JAMES UFKES
PROACO INDUSTRIA METALURGICA SA;PROACO INDUSTRIA METALURGICA SA
RICHAR GREER SUGDEN;RICHAR GREER SUGDEN
SERGIO ROCHA/JOSE S;SERGIO ROCHA/JOSE S
SETE TAXI AEREO LTDA;SETE TAXI AEREO LTDA
SKYSERVICE BUSINESS AVIATION;SKYSERVICE BUSINESS AVIATION
SOLAIRUS AVIATION;SOLAIRUS AVIATION
TAG AVIATION UK LTD;TAG AVIATION UK LTD
TAG AVIATION USA INC;TAG AVIATION USA INC
TR ASSESSORIA E PARTICIPACOES LDTA;TR ASSESSORIA E PARTICIPACOES LDTA
TURNER ENTERPRISES;TURNER ENTERPRISES
WELLS FARGO BANK  NORTHWEST (EEUU);WELLS FARGO BANK  NORTHWEST (EEUU)
WHEATON BRASIL VIDRIOS LTDA;WHEATON BRASIL VIDRIOS LTDA
ZOMA AVIATION;ZOMA AVIATION
AGRICULTURE CUSTOMS INMIGRATION;AGRICULTURE CUSTOMS INMIGRATION
AIR31LLC;AIR31LLC
CSFS TRIP SUPPORT;CSFS TRIP SUPPORT
FEDERAL AVIATION S.A.;FEDERAL AVIATION S.A.
FMG AIR PTY LTD;FMG AIR PTY LTD
FRENTE DE ONDA S.A.;FRENTE DE ONDA S.A.
GALILEA JUAN CARLOS;GALILEA JUAN CARLOS
MALATINI JORGE MARIO;MALATINI JORGE MARIO
MILLAPLAY (URUGUAY);MILLAPLAY (URUGUAY)
MY AIR HOLDINGS LLC;MY AIR HOLDINGS LLC
PEACH AIR CORP.;PEACH AIR CORP.
PEGASUS ELITE AVIATION INC;PEGASUS ELITE AVIATION INC
PROMARKET S.A.;PROMARKET S.A.
RACIOPPI, ANTONIO ALEJANDRO;RACIOPPI, ANTONIO ALEJANDRO
SCOLA;SCOLA
SOCIEDAD AGRICOLA EL PORVENIR SA;SOCIEDAD AGRICOLA EL PORVENIR SA
TAXIS AEREOS DEL VALLE DE TOLUCA S.A.;TAXIS AEREOS DEL VALLE DE TOLUCA S.A.
TOMAS CANTORE SERVIC;TOMAS CANTORE SERVIC
TUIFLY NETHERLANDS;TUIFLY NETHERLANDS
5 PONTAS EMPREENDIMENTOS SPE LTDS;5 PONTAS EMPREENDIMENTOS SPE LTDS
AEROBENIC S.A. (CHILE);AEROBENIC S.A. (CHILE)
AEROCLUB RIO CUARTO;AEROCLUB RIO CUARTO
AGRONADERA EL SOL NACIENTE;AGRONADERA EL SOL NACIENTE
AGUASSANTA PARTICIPACOES;AGUASSANTA PARTICIPACOES
AIR ALSIE;AIR ALSIE
AIR CRAFT GUARANTY CORP;AIR CRAFT GUARANTY CORP
AIR JET TAXI AEREO LTDA;AIR JET TAXI AEREO LTDA
AIR LAMA;AIR LAMA
ALLIANCE JET;ALLIANCE JET
AMAGGI EXPORTACAO E IMPORTACAO;AMAGGI EXPORTACAO E IMPORTACAO
ARMSTROG JONATHAN EDWRD (EEUU);ARMSTROG JONATHAN EDWRD (EEUU)
BANCO SAFRA S. A.;BANCO SAFRA S. A.
BISHOP S.A.;BISHOP S.A.
BOCKING S.R.L. (URUGUAY);BOCKING S.R.L. (URUGUAY)
BOGI AVIATION INC;BOGI AVIATION INC
CAELUM AVIATION SA;CAELUM AVIATION SA
CBX AVIATION;CBX AVIATION
CONSOLIDATED PRESS HOLDINGS;CONSOLIDATED PRESS HOLDINGS
COPA LINEAS AEREAS;COPA
DHL DE PANAMA;DHL DE PANAMA
EAGLE ACFT AND TRASPORTATION MANAGEMENT;EAGLE ACFT AND TRASPORTATION MANAGEMENT
ELITAVIA SAN MARINO;ELITAVIA SAN MARINO
EPPS AIR SERVICE INC. (EEUU);EPPS AIR SERVICE INC. (EEUU)
EXPORT EAGLE AVIATION;EXPORT EAGLE AVIATION
FENDA SA;FENDA SA
FLYPRO;FLYPRO
FUERZA AEREA ESPAÑOLA;FUERZA AEREA ESPAÑOLA
GAINJET AVIATION S.A;GAINJET AVIATION S.A
GANADERA LA CONCORDIA SA;GANADERA LA CONCORDIA SA
GARRO ERIC;GARRO ERIC
GL INVESTIMENTOS E PARTICIPACOES S.A.;GL INVESTIMENTOS E PARTICIPACOES S.A.
GUSTAVO SANTIAGO ANDREOLI CARASSUS;GUSTAVO SANTIAGO ANDREOLI CARASSUS
HELIEJECUTIVO SA DE CV;HELIEJECUTIVO SA DE CV
HIBOU LIMITED (REP. DomésticoINICANA);HIBOU LIMITED (REP. DomésticoINICANA)
IJM OPERATIONS;IJM OPERATIONS
IMBUIA COMERCIAL LTDA;IMBUIA COMERCIAL LTDA
IMZAMA S.A;IMZAMA S.A
InternacionalNATIONAL AERO;InternacionalNATIONAL AERO
INVERSIONES ROMEO ALFA;INVERSIONES ROMEO ALFA
JETNETHERLANDS;JETNETHERLANDS
JPMORGAN CHASE Y CO;JPMORGAN CHASE Y CO
JUAN CARLOS MARIA WASMOSY MONTI;JUAN CARLOS MARIA WASMOSY MONTI
LEONEL DOMINGUEZ (URUAGUAY);LEONEL DOMINGUEZ (URUAGUAY)
MOZART INVESTMENTS INC;MOZART INVESTMENTS INC
MUSTANG OF AMERICA LLC;MUSTANG OF AMERICA LLC
NATIONAL AIR SERVICE;NATIONAL AIR SERVICE
NELSON FUNARO ZANOTTI DE ALVARENGA;NELSON FUNARO ZANOTTI DE ALVARENGA
NORTHEASTERN AVIATION CORP.;NORTHEASTERN AVIATION CORP.
NOVA AMERICA ADMINISTRADORA DE BENS LTDA;NOVA AMERICA ADMINISTRADORA DE BENS LTDA
PETER MCCAUSLAND;PETER MCCAUSLAND
PH TRANSPORTES;PH TRANSPORTES
REAL HOTELS AND RESORTS;REAL HOTELS AND RESORTS
SAFE AVIATION (CHILE);SAFE AVIATION (CHILE)
SOC.COMPRAVENTA Y ARRIENDO AER.JACINTO L;SOC.COMPRAVENTA Y ARRIENDO AER.JACINTO L
SUN DOWN JET;SUN DOWN JET
THE CRAIG EVAN CORPORATION;THE CRAIG EVAN CORPORATION
TRAIL RUNNER PARTICIPACOES LTDA;TRAIL RUNNER PARTICIPACOES LTDA
VASCONCELLOS CESAR AUGUSTO;VASCONCELLOS CESAR AUGUSTO
VERCELLINO DELLAFIORI FRANCO;VERCELLINO DELLAFIORI FRANCO
VOLAR S.A.;VOLAR S.A.
WHITETAIL A VIATION COMPANY A.V.V.;WHITETAIL A VIATION COMPANY A.V.V.
WING AVIATION LLC;WING AVIATION LLC
AC CDAD DE CIPOLLETTI;AC CDAD DE CIPOLLETTI
AERO CLUB COMODORO RIVADAVIA;AERO CLUB COMODORO RIVADAVIA
AEROCLUB TEMUCO (CHILE);AEROCLUB TEMUCO (CHILE)
AIR 7;AIR 7
AIR HAMBURG;AIR HAMBURG
ANETJETS;ANETJETS
ANTOGNOLI, MARIS FRANCA LLORENS;ANTOGNOLI, MARIS FRANCA LLORENS
ARMADA URUGUAYA;ARMADA URUGUAYA
AVCON JET AUSTRIA;AVCON JET AUSTRIA
BEECH FLYING S.A.;BEECH FLYING S.A.
BELLON AVIATION LIMITED;BELLON AVIATION LIMITED
CEPA PREFECTURA;CEPA PREFECTURA
CLUB AEREO DE CARABINERO (CHILE);CLUB AEREO DE CARABINERO (CHILE)
COMPANHIA VALE DORIO DOCE;COMPANHIA VALE DORIO DOCE
COOP. DE USUARIOS DE AERONAVES COMPARTIL;COOP. DE USUARIOS DE AERONAVES COMPARTIL
DAP HELICÓPTEROS ARGENTINA S.A.;DAP HELICÓPTEROS ARGENTINA S.A.
DOMAIR;DOMAIR
EF INVESTCO;EF INVESTCO
EXECUTIVE AIR CHARTER;EXECUTIVE AIR CHARTER
FUERZA AEREA MEXICANA;FUERZA AEREA MEXICANA
GREENPAR PATICIPACOES;GREENPAR PATICIPACOES
InternacionalNATIONAL JET MANAGEMENT;InternacionalNATIONAL JET MANAGEMENT
ITAIPU BINACIONAL;ITAIPU BINACIONAL
JET TAXI AEREO (BRASIL);JET TAXI AEREO (BRASIL)
JOURNEY AVIATION;JOURNEY AVIATION
JTN ADMINISTRACAO LTDA;JTN ADMINISTRACAO LTDA
MARCELO CHRISTIAN DEMARIA INC;MARCELO CHRISTIAN DEMARIA INC
MATRISOJA S.A;MATRISOJA S.A
MILENIUM AIR S.A.;MILENIUM AIR S.A.
MONDIALE AIRCRAFT SALES SERVICES INC;MONDIALE AIRCRAFT SALES SERVICES INC
NANSHAN JET CO LTD;NANSHAN JET CO LTD
PARTICIPACOE E PRESTACAO SVC LTA (BRA);PARTICIPACOE E PRESTACAO SVC LTA (BRA)
QUALITY AIR S.A.;QUALITY AIR S.A.
RAZAC;RAZAC
REDWINGS S.A.;REDWINGS S.A.
REVA INC.;REVA INC.
SERV CONTABLES Y SIST DEL PARAGUAY SA;SERV CONTABLES Y SIST DEL PARAGUAY SA
SOUTHER FIELD AVIATION;SOUTHER FIELD AVIATION
SOUTHER FIELD AVIATION INCOMPANY;SOUTHER FIELD AVIATION INCOMPANY
SWISSPORT ARGENTINA S.A.;SWISSPORT ARGENTINA S.A.
TAG AVIATION MALTA LTD;TAG AVIATION MALTA LTD
TAM TAXI AEREO MARILLA LTDA.;TAM TAXI AEREO MARILLA LTDA.
TCC AIR SERVICE INC.;TCC AIR SERVICE INC.
TELEVISAO ANHANGUERA S.A.;TELEVISAO ANHANGUERA S.A.
TROPIC AIR LIMITED;TROPIC AIR LIMITED
VARIG;VARIG
ABC TAXI AEREO S.A.(BRASIL);ABC TAXI AEREO S.A.(BRASIL)
ABS JETS INC;ABS JETS INC
ADMINISTRACAO DE BEM PROPRIO SA;ADMINISTRACAO DE BEM PROPRIO SA
AER CARIBE CARGO;AER CARIBE CARGO
AERO CLUB CORDOBA;AERO CLUB CORDOBA
AERO CLUB TRELEW;AERO CLUB TRELEW
AERO PERSONAL S.A. DE CV;AERO PERSONAL S.A. DE CV
AEROCLUB CANELONES;AEROCLUB CANELONES
AEROCLUB CIUDAD DE PARANA;AEROCLUB CIUDAD DE PARANA
AEROMAX S.A.;AEROMAX S.A.
AEROSTAN AIRCOMPANY CARGO;AEROSTAN AIRCOMPANY CARGO
AEROTRANSPORTES MAGADAN;AEROTRANSPORTES MAGADAN
AEROTRANSPORTES WOLLKOPF S.R.L.;AEROTRANSPORTES WOLLKOPF S.R.L.
AEROTURISMO Y TRANSPORTE CIRRUS LIMITADA;AEROTURISMO Y TRANSPORTE CIRRUS LIMITADA
AGROINDUSTRIA PIRAPO S. A. (PARAGUAY);AGROINDUSTRIA PIRAPO S. A. (PARAGUAY)
AGROPASTORIL FAZENDA CARAMURU LTDA;AGROPASTORIL FAZENDA CARAMURU LTDA
AIR JOURNEY LLC (EEUU);AIR JOURNEY LLC (EEUU)
ALBERTO KUNATH;ALBERTO KUNATH
ALL IN JETS DBA JETREADY;ALL IN JETS DBA JETREADY
ALLEN SYSTEMS GROUP INC;ALLEN SYSTEMS GROUP INC
ANDERSON AIR LTD;ANDERSON AIR LTD
ANTONOV COMPANY;ANTONOV COMPANY
AR INVESTIMENT LLC;AR INVESTIMENT LLC
ARMADA DE CHILE;ARMADA DE CHILE
ASESORIAS E INVERSIONES TRASANDINAS;ASESORIAS E INVERSIONES TRASANDINAS
AT&T INC.;AT&T INC.
AYRSA S.A.;AYRSA S.A.
BEECH FLYING;BEECH FLYING
BEIJING AIRLINES CO LTD;BEIJING AIRLINES CO LTD
BRADESCO LEASING SA;BRADESCO LEASING SA
CAROLINA SCHMIDT;CAROLINA SCHMIDT
CAVOK AIR;CAVOK AIR
CHARLES CHALKING S.A.;CHARLES CHALKING S.A.
CLIFFORD ALLEN;CLIFFORD ALLEN
COMERCIAL DAGHER LIMITADA (CHILE);COMERCIAL DAGHER LIMITADA (CHILE)
CONSIGNIUM LTDA;CONSIGNIUM LTDA
CONSTRUCAO SANTIAGO JUANA Y ADARO;CONSTRUCAO SANTIAGO JUANA Y ADARO
CREARE ADM DE BENS MOVEIS E IMOVEIS LTDA;CREARE ADM DE BENS MOVEIS E IMOVEIS LTDA
CREOLMAR S.A.;CREOLMAR S.A.
CRISTALIA PRODUCTOS QUIMICOS;CRISTALIA PRODUCTOS QUIMICOS
DAROCO HOLDINGS LLC;DAROCO HOLDINGS LLC
DUBAI AIR WING;DUBAI AIR WING
EASY FLIGHT INC;EASY FLIGHT INC
ELITAVIA MALTA LTD;ELITAVIA MALTA LTD
EMBRAER AIRCRAFT HOLDINGS INC;EMBRAER AIRCRAFT HOLDINGS INC
EMPREENDIMENTOS E PARTICIPACOE (BRASIL);EMPREENDIMENTOS E PARTICIPACOE (BRASIL)
FALCON AIR COMERCIO DE AERONAVES LTDA;FALCON AIR COMERCIO DE AERONAVES LTDA
FLIGHT CEM ESCUELA S.A.SIMP;FLIGHT CEM ESCUELA S.A.SIMP
FLORIDEAN S.A.;FLORIDEAN S.A.
FUAER;FUAER
GLOBAL X AIRLINES;GLOBAL X AIRLINES
GRUPO SURAMERICANA SA;GRUPO SURAMERICANA SA
HABARI INC.;HABARI INC.
HANGAR SERVICIOS S.A.;HANGAR SERVICIOS S.A.
HUTZ, GERMAN;HUTZ, GERMAN
ICON G TAXI AEREO LTDA;ICON G TAXI AEREO LTDA
INTERAVIA TAXI AEREO LTDA;INTERAVIA TAXI AEREO LTDA
InternacionalNATIONAL LIMITED NET JETS TRAN. AER;InternacionalNATIONAL LIMITED NET JETS TRAN. AER
KOONCE JEFFERSON MICHAEL;KOONCE JEFFERSON MICHAEL
LCM CONSTRUCAO E COMERCIO S.A;LCM CONSTRUCAO E COMERCIO S.A
LECREC ADMINISTRACAO LTDA.;LECREC ADMINISTRACAO LTDA.
LLORENS ANTOGNOLI MARIS FRANCA (PARAGUAY;LLORENS ANTOGNOLI MARIS FRANCA (PARAGUAY
LT S.A CONSTRUCTORA;LT S.A CONSTRUCTORA
MALIBU CONSULTING LTD.;MALIBU CONSULTING LTD.
MARNELL GAMINWAY;MARNELL GAMINWAY
MARTIN JOSE;MARTIN JOSE
MAUI JIM;MAUI JIM
MEREGRASS INC;MEREGRASS INC
MIKSZA INCORPORADA LTDA;MIKSZA INCORPORADA LTDA
MIOTTO PEI LTDA;MIOTTO PEI LTDA
MJET AVIATION (OEIIH);MJET AVIATION (OEIIH)
NAVAL ECUADOR;NAVAL ECUADOR
NSA INVESTIMIENTOS LTDA;NSA INVESTIMIENTOS LTDA
PACIFIC PULP AND PAPER INC;PACIFIC PULP AND PAPER INC
PAPANTLACA SRL;PAPANTLACA SRL
PRESIDENTIAL AVIATION (EEUU);PRESIDENTIAL AVIATION (EEUU)
PRIMO TEDESCO S.A.;PRIMO TEDESCO S.A.
RANDY BOYD;RANDY BOYD
RJR TOBACCO;RJR TOBACCO
SANTA CLARA IND E COM DE ALIMENT LTD;SANTA CLARA IND E COM DE ALIMENT LTD
SATECA LEAR JEAT;SATECA LEAR JEAT
SCHMIDLIN PATRICK;SCHMIDLIN PATRICK
SERVICIOS AEREOS REGIONALES CARSOL LIMIT;SERVICIOS AEREOS REGIONALES CARSOL LIMIT
SERVICIOS EJECUTIVOS SA;SERVICIOS EJECUTIVOS SA
SIMBIOSI INDUSTRIA E COMERCIO DE FERTILI;SIMBIOSI INDUSTRIA E COMERCIO DE FERTILI
SOUTHERN CROSS AIRCRAFT LLC;SOUTHERN CROSS AIRCRAFT LLC
SPARFELL;SPARFELL
STARLINK AVIATION;STARLINK AVIATION
STRONG TOWER SERVICES;STRONG TOWER SERVICES
SUPERMIS CONCRETO SA;SUPERMIS CONCRETO SA
TAP PORTUGAL;TAP PORTUGAL
TCONFAL ADMISTACAO DE BEND LTDA;TCONFAL ADMISTACAO DE BEND LTDA
TITAN AIRWAYS LTD;TITAN AIRWAYS LTD
TRANSPORTES TORREON S.A.;TRANSPORTES TORREON S.A.
TRENITALIA AIR LTD;TRENITALIA AIR LTD
TUDOR INVESTMENT CORPORATION;TUDOR INVESTMENT CORPORATION
UNICAL AVIATION INC;UNICAL AVIATION INC
VALIAIR;VALIAIR
ABU DHABI PRESIDENTIAL F;ABU DHABI PRESIDENTIAL F
ACI JET;ACI JET
AGROALAS S.R.L.;AGROALAS S.R.L.
AIBONITO AVIATION LLC;AIBONITO AVIATION LLC
AIR ATLANTIC ICELANDIC;AIR ATLANTIC ICELANDIC
AIRCRAFT TRADING LLC;AIRCRAFT TRADING LLC
AIRTIME LLC;AIRTIME LLC
ARINC DIRECT;ARINC DIRECT
ASESORIA INVERSIONES URRUTIA LIMITADA;ASESORIA INVERSIONES URRUTIA LIMITADA
ASNAL;ASNAL
AVIANO SPA;AVIANO SPA
BAIRES FLY S.A.;BAIRES FLY S.A.
BANCO BRADESCO;BANCO BRADESCO
BECERRA MELVYN (CHILE);BECERRA MELVYN (CHILE)
BELL HELICENTER TEXTRON;BELL HELICENTER TEXTRON
BOLLINGER ENTERPRISES LLC;BOLLINGER ENTERPRISES LLC
BOMBARDIER AEROSPACE CORP (EEUU);BOMBARDIER AEROSPACE CORP (EEUU)
CAR VIP S.A. (URUGUAY);CAR VIP S.A. (URUGUAY)
CIA CHILENA DE FOSFOROS S.A.;CIA CHILENA DE FOSFOROS S.A.
CLAY LACY AVIATION INC (EEUU);CLAY LACY AVIATION INC (EEUU)
COMPANHIA AEREA DE TRETAMENTO;COMPANHIA AEREA DE TRETAMENTO
CONDOR FLUGDIENST GMBH;CONDOR FLUGDIENST GMBH
CONSOLIDATED PRESS HOLDING;CONSOLIDATED PRESS HOLDING
COOP.  PARAGUAYA AERONAUTICA;COOP.  PARAGUAYA AERONAUTICA
DAVINCI JETS LLC;DAVINCI JETS LLC
DIMED SA;DIMED SA
DINACIA (URUGUAY);DINACIA (URUGUAY)
EDGAR WALTER HADIDA SCHMID (CHILE);EDGAR WALTER HADIDA SCHMID (CHILE)
EJECUTIVE AIR SOLUTIONS (EEUU);EJECUTIVE AIR SOLUTIONS (EEUU)
ELITE AIR INC;ELITE AIR INC
EMPRESA SERVICIOS AERONAUTICOS TAMARUGAL;EMPRESA SERVICIOS AERONAUTICOS TAMARUGAL
EMTRASUR;EMTRASUR
FAI RENT A JET AG;FAI RENT A JET AG
FENIX WING SA;FENIX WING SA
FINMO S.A.;FINMO S.A.
FLIGHTEC S.A.;FLIGHTEC S.A.
FLIGHTWORXS;FLIGHTWORXS
FMVV INDUSTRIAL Y COMERCIAL AGRICOLA;FMVV INDUSTRIAL Y COMERCIAL AGRICOLA
GESTAO CESSNA CITIATION SPE;GESTAO CESSNA CITIATION SPE
GREEN SALE SA;GREEN SALE SA
GRUMASA DomésticoINICANA SRL;GRUMASA DomésticoINICANA SRL
GRUMASA DOMINICANA SRL;GRUMASA DOMINICANA SRL
GULF COAST AVIATION INC.;GULF COAST AVIATION INC.
HANGAR SUD S.R.L.;HANGAR SUD S.R.L.
HERNAN DELORENZO;HERNAN DELORENZO
HI FLY;HI FLY
HIBOU LIMITED (REP. DOMINICANA);HIBOU LIMITED (REP. DOMINICANA)
HIDROMET S.A.C.I.;HIDROMET S.A.C.I.
IGUACU MAQUINAS AGRICOLAS LTDA;IGUACU MAQUINAS AGRICOLAS LTDA
INMOBILIARIA ROSEDANA LTDA.;INMOBILIARIA ROSEDANA LTDA.
INTREID PRODUCTION HOLDINGS;INTREID PRODUCTION HOLDINGS
INVERSIONES QUINCHAMALI LTDA;INVERSIONES QUINCHAMALI LTDA
JBJA CANON´S COURT;JBJA CANON´S COURT
JBS S/A;JBS S/A
JET AVIATION FLIGHT SERVICES, INC.;JET AVIATION FLIGHT SERVICES, INC.
JOAO CARLOS BRANCO PERES;JOAO CARLOS BRANCO PERES
LA DELICIA - FELIPE FORT S.A.;LA DELICIA - FELIPE FORT S.A.
LUIZ OSVALDO PASTORE;LUIZ OSVALDO PASTORE
MABEX REPRESENTACOES E PARTICIPACOES LTD;MABEX REPRESENTACOES E PARTICIPACOES LTD
MAX AIR S.A. (URUGUAY);MAX AIR S.A. (URUGUAY)
MLT;MLT
MORAES LUIS ERMIRIO (BRASIL);MORAES LUIS ERMIRIO (BRASIL)
NAJA LOCACAO EMPRESARIAL LTDA;NAJA LOCACAO EMPRESARIAL LTDA
NESTLE PRURINA (EEUU);NESTLE PRURINA (EEUU)
OUTPOST INTERNATIONAL LLC.;OUTPOST INTERNATIONAL LLC.
PARTICIPACIONES LTDA. (BRASIL);PARTICIPACIONES LTDA. (BRASIL)
PDVSA PETROLEOSA (VENEZUELA);PDVSA PETROLEOSA (VENEZUELA)
PERRIN JEAN MARC MARCEL;PERRIN JEAN MARC MARCEL
PLANET AIRWAYS (EEUU);PLANET AIRWAYS (EEUU)
PNM CONSULTORIA LTDA;PNM CONSULTORIA LTDA
PRIESTER AVIATION LLC.;PRIESTER AVIATION LLC.
RENTA DE EQUIPOS INDUSTRIALES SPA;RENTA DE EQUIPOS INDUSTRIALES SPA
REYNOLDS JET MANAGEMENT;REYNOLDS JET MANAGEMENT
ROTORWAY S.A.;ROTORWAY S.A.
ROYAL AIR S.A.;ROYAL AIR S.A.
SC JOHNSON SON INC;SC JOHNSON SON INC
SCHWEIGERT HEIKE;SCHWEIGERT HEIKE
SEMENTES GUERRA;SEMENTES GUERRA
SIGNATURE S.-R.L.;SIGNATURE S.-R.L.
STIEFEL ARTURO Y RAUL;STIEFEL ARTURO Y RAUL
STRONG TOWER SERVICES LLC TRUSTEE;STRONG TOWER SERVICES LLC TRUSTEE
SYNERGY S.A.;SYNERGY S.A.
TESTA PATRIMONIAL;TESTA PATRIMONIAL
TEXTRON INC. (EEUU);TEXTRON INC. (EEUU)
THOMAS KRUSE;THOMAS KRUSE
THURN ENRIQUE;THURN ENRIQUE
TRANSPORTES AEREOS CUYO S.A.;TRANSPORTES AEREOS CUYO S.A.
UDO KUDIES;UDO KUDIES
UTC ENGENHARIA;UTC ENGENHARIA
WESTERN GLOBAL AIRLINES;WESTERN GLOBAL AIRLINES
WILLIAMS AIR , INC (EEUU);WILLIAMS AIR , INC (EEUU)
XT PARAGUAY S.A.;XT PARAGUAY S.A.
ZMF PARTICIPACOES;ZMF PARTICIPACOES
ZOMA FALCON LLC THE ARVEST BANK GROUP IN;ZOMA FALCON LLC THE ARVEST BANK GROUP IN
ABERNESSIA GESTAO DE ATIVOS LTDA;ABERNESSIA GESTAO DE ATIVOS LTDA
AEGLE AVIATION LIMITED;AEGLE AVIATION LIMITED
AERO CLUB MENDOZA;AERO CLUB MENDOZA
AERO CLUB TUCUMAN;AERO CLUB TUCUMAN
AERO FEDERAL S.A.;AERO FEDERAL S.A.
AERO HAWK SPA.;AERO HAWK SPA.
AERO PIN;AERO PIN
AERO REGIONAL PARAGUAYA;AERO REGIONAL PARAGUAYA
AERO RIO TAXIAERO LTD;AERO RIO TAXIAERO LTD
AEROCLUB URUGUAY (URUGUAY);AEROCLUB URUGUAY (URUGUAY)
AEROCLUB VILLA RICA;AEROCLUB VILLA RICA
AEROPLAT S.R.L.;AEROPLAT S.R.L.
AEROSERVICIOS KRATOS S.A. DE CV;AEROSERVICIOS KRATOS S.A. DE CV
AEROWEST;AEROWEST
AGRO PARAGUAY SA;AGRO PARAGUAY SA
AGUIA SISTEMAS DE ARMAZENAGEM LTDA;AGUIA SISTEMAS DE ARMAZENAGEM LTDA
AIR LEASE CORPORATION;AIR LEASE CORPORATION
AIR WOLF;AIR WOLF
AIRCRAFT GUARANTY OWNER;AIRCRAFT GUARANTY OWNER
AIRTANKER;AIRTANKER
ALAS DE BEAGLE S.A.S.;ALAS DE BEAGLE S.A.S.
ALAS ESCUELA DE VUELO;ALAS ESCUELA DE VUELO
ALLTECH INC. USA.;ALLTECH INC. USA.
ALTICOR INC. (EEUU);ALTICOR INC. (EEUU)
ALTRIA CORPORATE SERVICES INC (EEUU);ALTRIA CORPORATE SERVICES INC (EEUU)
AMERICAN JET;AMERICAN JET
AMERIFLIGHT S.A.;AMERIFLIGHT S.A.
ASL AIRLINES FRANCE S.A.;ASL AIRLINES FRANCE S.A.
AURORA AIRCRAFT CO;AURORA AIRCRAFT CO
AVIATION SPECIALTIES UNLIMITED,INC;AVIATION SPECIALTIES UNLIMITED,INC
BAKRY ROCA;BAKRY ROCA
BANCO DO BRASIL;BANCO DO BRASIL
BANK OF UTAH TRUSTLE;BANK OF UTAH TRUSTLE
BEACH AVIATION;BEACH AVIATION
BELLODI MARCELO (BRASIL);BELLODI MARCELO (BRASIL)
BESTFLY AIRCRAFT MANAGEMENT;BESTFLY AIRCRAFT MANAGEMENT
BIR PARTICIPACOES LTDA;BIR PARTICIPACOES LTDA
BOUTIQUE AVIATION;BOUTIQUE AVIATION
BUZZI PAOLO;BUZZI PAOLO
BVR ACM AIR;BVR ACM AIR
CAE III LTD;CAE III LTD
CANEDO ARIEL;CANEDO ARIEL
CARIBIAN HELIJETS;CARIBIAN HELIJETS
CARLO RUIZ GADEA;CARLO RUIZ GADEA
CARLOS MARIN;CARLOS MARIN
CECCHINI SOL;CECCHINI SOL
CENTRO DE INSTRUCCION AERONAUTICO MDZ;CENTRO DE INSTRUCCION AERONAUTICO MDZ
CERVEJERIA PETROPOLIS S.A.;CERVEJERIA PETROPOLIS S.A.
CESAR BAO TARRAGO;CESAR BAO TARRAGO
CIA AEROTRANSPORTACION PRIVADA SA DE CV;CIA AEROTRANSPORTACION PRIVADA SA DE CV
CIGNA CORPORATION;CIGNA CORPORATION
CIMEXPAR SRL;CIMEXPAR SRL
CND INMOBILIARIA E PARTICIPACOES LTDA;CND INMOBILIARIA E PARTICIPACOES LTDA
COFINO STAHL Y COMPANIA HOLDING LIMITED;COFINO STAHL Y COMPANIA HOLDING LIMITED
COLOTTI GERARDO DANIEL;COLOTTI GERARDO DANIEL
COMPANHIA BRASILEIRA DE M. E M. (BRASIL);COMPANHIA BRASILEIRA DE M. E M. (BRASIL)
COMPRAVENTA Y ARRIENDO DE AERONAVES J;COMPRAVENTA Y ARRIENDO DE AERONAVES J
CONDOR SACI;CONDOR SACI
CSIEBEL;CSIEBEL
D.A.P. CHACO;D.A.P. CHACO
DABED;DABED
DEAL JUAN;DEAL JUAN
DI TRENTO InternacionalVENCIONES SA;DI TRENTO InternacionalVENCIONES SA
DIR. DE AERONUTICA DE LA PROV DEL CHACO;DIR. DE AERONUTICA DE LA PROV DEL CHACO
DOUGLAS EASTON;DOUGLAS EASTON
DSS NORDESTE CALZADOS ART ESPORTIVOS LTD;DSS NORDESTE CALZADOS ART ESPORTIVOS LTD
DX SERVICE(COMPANY INC) (ESTADOS UNIDOS);DX SERVICE(COMPANY INC) (ESTADOS UNIDOS)
ECHO VICTOR;ECHO VICTOR
EMPRESA CONSTRUCTORA MINERA PARAGUAYA SA;EMPRESA CONSTRUCTORA MINERA PARAGUAYA SA
EMPRESA TEUTO BRASILEIRA LTDA.;EMPRESA TEUTO BRASILEIRA LTDA.
ESCUELA DE VUELO FLIGHT GAL;ESCUELA DE VUELO FLIGHT GAL
ESTANCIA GAUCHO;ESTANCIA GAUCHO
EUROFL Y SERVICE S.P.A. (ITALIA);EUROFL Y SERVICE S.P.A. (ITALIA)
EXECUTIVE AVIATION CORPORATION;EXECUTIVE AVIATION CORPORATION
EXXAERO InternacionalNATIONAL;EXXAERO InternacionalNATIONAL
FAIR WIND AIR LTD;FAIR WIND AIR LTD
FEDERAL MOGUL CORPORATION;FEDERAL MOGUL CORPORATION
FLEXFLY S.A.S;FLEXFLY S.A.S
FLIGHT VENTURE;FLIGHT VENTURE
FLY WEST;FLY WEST
FLYPRO SRL;FLYPRO SRL
FUERZA AEREA COLOMBIANA;FUERZA AEREA COLOMBIANA
FUERZA AEREA ESTADOS UNODOS;FUERZA AEREA E.E.U.U.
GALAXY AIRWAYS INC;GALAXY AIRWAYS INC
GBF ADMINISTRACAO DE BENS LTDA;GBF ADMINISTRACAO DE BENS LTDA
GESTARAIR;GESTARAIR
GLOBAL AERO;GLOBAL AERO
GLOBAL JETCARE;GLOBAL JETCARE
GNI 10 EMPREENDIMENTOS INMOBILIARIOS;GNI 10 EMPREENDIMENTOS INMOBILIARIOS
GOLDEN SKY AVIATION;GOLDEN SKY AVIATION
GONZALEZ ROBERTO OSCAR;GONZALEZ ROBERTO OSCAR
HADWICKER PROPERTIES LLC;HADWICKER PROPERTIES LLC
HC LOGISTICS LLC;HC LOGISTICS LLC
HEROES DE MALVINAS-PROMOCION LIII;HEROES DE MALVINAS-PROMOCION LIII
HIFLY;HIFLY
IAN PORTER;IAN PORTER
IGREJA UNIVE. DO REYNO DE DEUS (BRASIL);IGREJA UNIVE. DO REYNO DE DEUS (BRASIL)
IMAGE AIR CHARTER LTD;IMAGE AIR CHARTER LTD
IMP GROUP LTD. DBA IMAGE AIR;IMP GROUP LTD. DBA IMAGE AIR
INTENSIVE AIR TAXI AEREO LTDA;INTENSIVE AIR TAXI AEREO LTDA
INTERNATIONAL JET MANAGEMENT;INTERNATIONAL JET MANAGEMENT
ITAQUI PARTICIPACOES EMPRESARIAIS;ITAQUI PARTICIPACOES EMPRESARIAIS
JANZEN LEASING;JANZEN LEASING
JET GOLD LOCACOES SERVICOS AEREOS S.A.;JET GOLD LOCACOES SERVICOS AEREOS S.A.
JET STORY SP ZOO;JET STORY SP ZOO
JETMAGIC;JETMAGIC
JLBML LLC;JLBML LLC
KAI AVIATION LTD;KAI AVIATION LTD
KOENIG ADOLF JOHANNES;KOENIG ADOLF JOHANNES
KURT HALL;KURT HALL
LA TITI S.A.;LA TITI S.A.
LAER S.E.;LAER S.E.
LARESE;LARESE
LETELIER JOSE MIGUEL;LETELIER JOSE MIGUEL
LUCIA DE LISA;LUCIA DE LISA
LXS SERVICES LLC;LXS SERVICES LLC
MANUFATURACAO DE PROD PARA ALIM ANIMAL;MANUFATURACAO DE PROD PARA ALIM ANIMAL
MAURICIO PERRACHIONE (AEROLAR);MAURICIO PERRACHIONE (AEROLAR)
MEOP AND PHOP HOLDING E AD LTDA;MEOP AND PHOP HOLDING E AD LTDA
MERRICK ADVENTURES;MERRICK ADVENTURES
METROJET LTD;METROJET LTD
MIDLAND FINANCIAL CO;MIDLAND FINANCIAL CO
MONTE CRISTALINA PARTICIPACOES S.A.;MONTE CRISTALINA PARTICIPACOES S.A.
MXM HOLDING LTDA;MXM HOLDING LTDA
N771AM INC;N771AM INC
NATIONAL JET SERVICE,INC. EE.UU.;NATIONAL JET SERVICE,INC. EE.UU.
NET JETS (EUROPE);NET JETS (EUROPE)
NISSAN CORPORATE AVIATION;NISSAN CORPORATE AVIATION
NUDELPA LTDA;NUDELPA LTDA
OMAR CONTRERASACFT;OMAR CONTRERASACFT
PALM AVIATION;PALM AVIATION
PARAGUACU TEXTIL SA;PARAGUACU TEXTIL SA
PAUL ERIC SCHABBEL;PAUL ERIC SCHABBEL
PEGASUS AIRCRAFT;PEGASUS AIRCRAFT
PHOENIX AIR (USA);PHOENIX AIR (USA)
POLAR AEREA- JORGE POTENZA;POLAR AEREA- JORGE POTENZA
POLAR AIR CARGO;POLAR AIR CARGO
PREVENT SENIOR PRIVAT;PREVENT SENIOR PRIVAT
PRIME JETS LLC (USA);PRIME JETS LLC (USA)
PROAIR AVIATION;PROAIR AVIATION
PROTEUS ENERGY LLC;PROTEUS ENERGY LLC
PRUDENTIAL;PRUDENTIAL
PULVERIZACIONES AEROSUR S.R.L.;PULVERIZACIONES AEROSUR S.R.L.
PUNTA BRAVA S.A.;PUNTA BRAVA S.A.
PUVOGEL RAINER;PUVOGEL RAINER
R CAR COLLECTION SERVICIOS AUT;R CAR COLLECTION SERVICIOS AUT
RICH AVIATION INC;RICH AVIATION INC
ROCKWELL AUTOMATION;ROCKWELL AUTOMATION
SANABRIA, IGNACIO;SANABRIA, IGNACIO
SANE PARTICIPACOES LTDA;SANE PARTICIPACOES LTDA
SANTA MARGARITA;SANTA MARGARITA
SATURN AVIATION LLC;SATURN AVIATION LLC
SCB FALCON LLC;SCB FALCON LLC
SERVICIOS AEREOS ACROSS S.A. DE C.V.;SERVICIOS AEREOS ACROSS S.A. DE C.V.
SERVICIOS AEREOS P.S.A.;SERVICIOS AEREOS P.S.A.
SERVICIOS AEREOS PANAMERICANOS LIMITADA;SERVICIOS AEREOS PANAMERICANOS LIMITADA
SERVICIOS AEREOS SAN ESTEBAN LIMITADA;SERVICIOS AEREOS SAN ESTEBAN LIMITADA
SERVICIOS Y ARRIENDOS ROTORTEC LIMITADA;SERVICIOS Y ARRIENDOS ROTORTEC LIMITADA
SILK WAY WEST AIRLINES;SILK WAY WEST AIRLINES
SMART SERVICE SA;SMART SERVICE SA
SOCIEDAD DE TAXI AEREO WESTON(BRASIL);SOCIEDAD DE TAXI AEREO WESTON(BRASIL)
SOL DEL PARAGUAY LINEAS AEREAS;SOL DEL PARAGUAY LINEAS AEREAS
SONORA TROPHY HUNTS LLC;SONORA TROPHY HUNTS LLC
SOUTH AFRICAN AIRWAYS;SOUTH AFRICAN AIRWAYS
SOUTH AVIATION INC.;SOUTH AVIATION INC.
STEMA SA;STEMA SA
STRONG TOWER SERVICES LLC;STRONG TOWER SERVICES LLC
SUSANA GRACIELA BESTARD;SUSANA GRACIELA BESTARD
TABACALERA INC (PARAGUAY);TABACALERA INC (PARAGUAY)
TAG AVIATION SAN MARINO S.R.L.;TAG AVIATION SAN MARINO S.R.L.
TAXIS AEREOS DEL VALLE DE TOLUCA SA;TAXIS AEREOS DEL VALLE DE TOLUCA SA
TECNAR S.R.L;TECNAR S.R.L
THOMAS BUECKMANN;THOMAS BUECKMANN
TISMA HOLDINGS INC. (EEUU);TISMA HOLDINGS INC. (EEUU)
TOMAS ROMAY;TOMAS ROMAY
TOPGUN HHOLDING LTDA;TOPGUN HHOLDING LTDA
TRANSCARGA INTL AIRWAYS;TRANSCARGA INTL AIRWAYS
TRANSPORTE AEREO BIMINI;TRANSPORTE AEREO BIMINI
TRATAYEN S.R.L.;TRATAYEN S.R.L.
TYSON FOODS INC;TYSON FOODS INC
UNIJET (BRASIL);UNIJET (BRASIL)
UNITED STATES AVIATION CO (EEUU);UNITED STATES AVIATION CO (EEUU)
VIKING  AIR LIMITED;VIKING  AIR LIMITED
VIPER AVIATION LLC;VIPER AVIATION LLC
VOLKSWAGEN AIR SERVICE (BRASIL);VOLKSWAGEN AIR SERVICE (BRASIL)
WESTERN AIR CHARTER;WESTERN AIR CHARTER
WHISTLER BACKCOUNTRY LTDA;WHISTLER BACKCOUNTRY LTDA
WOTAN AMERICA INC;WOTAN AMERICA INC
X AVIATION;X AVIATION
XAV LIMITED;XAV LIMITED
YAMANDU EMPREENDIMIENTOS E PARTICIPACOES;YAMANDU EMPREENDIMIENTOS E PARTICIPACOES
ZARIM PARTICIPACOES E EMP IMOB SA;ZARIM PARTICIPACOES E EMP IMOB SA
ABELAG AVIATION;ABELAG AVIATION
ADOLF WUERTH GMBH COKG;ADOLF WUERTH GMBH COKG
AERO CLUB EL BOLSON;AERO CLUB EL BOLSON
AERO CLUB PASO DE LOS LIBRES;AERO CLUB PASO DE LOS LIBRES
AERO CLUB POSADAS;AERO CLUB POSADAS
AERO CLUB RAFAELA;AERO CLUB RAFAELA
AERO JET AVIATION INC. (EEUU);AERO JET AVIATION INC. (EEUU)
AERO SHOP;AERO SHOP
AEROTRANSPORTE S.A. (PERU);AEROTRANSPORTE S.A. (PERU)
AGROGANADERA DAYARA S.A;AGROGANADERA DAYARA S.A
AGROPECUARIA FRIBOI LTDA. (BRASIL);AGROPECUARIA FRIBOI LTDA. (BRASIL)
AGUSTO MARNO MORALES BLANCO;AGUSTO MARNO MORALES BLANCO
AIRFLITE INC;AIRFLITE INC
AIRPLANE HOLDINGS CORPORATION;AIRPLANE HOLDINGS CORPORATION
ALAS DEL FIN DEL MUNDO S.R.L.;ALAS DEL FIN DEL MUNDO S.R.L.
ALBEIN PORTO;ALBEIN PORTO
ALCEU ELIAS FELDMANN FILHO;ALCEU ELIAS FELDMANN FILHO
AMARO AVIATION SA;AMARO AVIATION SA
ANDREOLI GUSTAVO;ANDREOLI GUSTAVO
APC LLC CORP;APC LLC CORP
ARSA;ARSA
ATHENAS;ATHENAS
AVEMEX SA DE CV;AVEMEX SA DE CV
BANBECK LLC;BANBECK LLC
BLACK GOLD AERO INC;BLACK GOLD AERO INC
BLUE OCEAN ENTERPRISES INC;BLUE OCEAN ENTERPRISES INC
BRADESCO LEASING S.A. ARREND MERCHNT;BRADESCO LEASING S.A. ARREND MERCHNT
BRASIF (BRASIL);BRASIF (BRASIL)
CAMAFOX;CAMAFOX
CARGILL INC.;CARGILL INC.
CENTRO ACTIVIDAD AEREA RAWSON;CENTRO ACTIVIDAD AEREA RAWSON
CENTRO UNIV. DE AVIACION;CENTRO UNIV. DE AVIACION
CENTRO UNIVERSITARIO DE AVIACION (CUA);CENTRO UNIVERSITARIO DE AVIACION (CUA)
CERRADINHO PARTICIPACOES S.A;CERRADINHO PARTICIPACOES S.A
CHEYENNE S.A.;CHEYENNE S.A.
CITIGROUP (BRASIL);CITIGROUP (BRASIL)
COMEXPORT TRADING COMERCIO EXTERIOR LTDA;COMEXPORT TRADING COMERCIO EXTERIOR LTDA
CONSORCIO VOA (BRASIL);CONSORCIO VOA (BRASIL)
CONSTRUMIL CONSTRUCOES E TERRAP. LTDA;CONSTRUMIL CONSTRUCOES E TERRAP. LTDA
CONTRERAS EXEQUIEL;CONTRERAS EXEQUIEL
CORDOBA;CORDOBA
COSTAMAR SERVICIOS  ADMINISTRATIVOS;COSTAMAR SERVICIOS  ADMINISTRATIVOS
CREFIPAR PARTICIPACOESE E EMPREENDIMIENT;CREFIPAR PARTICIPACOESE E EMPREENDIMIENT
CRUCERO DEL NORTE S.R.L.;CRUCERO DEL NORTE S.R.L.
DALLON METAIS E DERIVADOS EIRELLI;DALLON METAIS E DERIVADOS EIRELLI
DIR. PROV. DE AERONAUTICA DE CATAMARCA;DIR. PROV. DE AERONAUTICA DE CATAMARCA
DIRECCION GENERAL DE AERON DE CORDOBA;DIRECCION GENERAL DE AERON DE CORDOBA
DIRECCION PROVINCIAL TUCUMAN;DIRECCION PROVINCIAL TUCUMAN
DIRK FOLENS;DIRK FOLENS
DISNEY AVIATION GROUP;DISNEY AVIATION GROUP
EHL ARRENDAMENTO LTDA;EHL ARRENDAMENTO LTDA
ELCOMEL SRL;ELCOMEL SRL
EMPRESA DE SERVICIOS AEREOS AEROESTE S.A;EMPRESA DE SERVICIOS AEREOS AEROESTE S.A
EMPRESA EMPRENDIMIENTOS INMOVILIARIOS;EMPRESA EMPRENDIMIENTOS INMOVILIARIOS
ENGEPORT EMPRENDIMIENTOS PART (BRASIL);ENGEPORT EMPRENDIMIENTOS PART (BRASIL)
ENTE DE DESARROLLO AER. SAN LUIS;ENTE DE DESARROLLO AER. SAN LUIS
ESCUELA DE VUELO;ESCUELA DE VUELO
ESCUELA DE VUELO RAFAEL LUPETTI;ESCUELA DE VUELO RAFAEL LUPETTI
EV S.R.L;EV S.R.L
EVOLUTION AIRPARTS CORP;EVOLUTION AIRPARTS CORP
EXECUTIVE AVIATION TAIWAN CORP;EXECUTIVE AVIATION TAIWAN CORP
EXECUTIVE JET AVIATION;EXECUTIVE JET AVIATION
EXECUTIVW AVIATION TAIWAN CORP;EXECUTIVW AVIATION TAIWAN CORP
FARGIONI MAURICIO DANIEL;FARGIONI MAURICIO DANIEL
FAUSTO DA SILVEIRA;FAUSTO DA SILVEIRA
FCO TBO SA;FCO TBO SA
FELIX LABORUNE (URUGUAY);FELIX LABORUNE (URUGUAY)
FIDI ADMINISTRACAO E PARTICIPACOES;FIDI ADMINISTRACAO E PARTICIPACOES
FINN CAPITAL LLC;FINN CAPITAL LLC
FLIGHT MASTER AVIASER / AVIA S.A.;FLIGHT MASTER AVIASER / AVIA S.A.
FLIGHT SOUTH;FLIGHT SOUTH
FLIGHTWORX AVIATION LTD;FLIGHTWORX AVIATION LTD
FLYEST LINEAS AEREAS;FLYEST LINEAS AEREAS
FLYING AMERICA;FLYING AMERICA
FLYING PARROT;FLYING PARROT
GASTON KOLKER;GASTON KOLKER
GEMINI9 LCC;GEMINI9 LCC
GENERAL MOTORS TRANSPORT;GENERAL MOTORS TRANSPORT
GLOBAL AEROSPACE;GLOBAL AEROSPACE
GLOBAL JET LUXEMBOURG S.A.;GLOBAL JET LUXEMBOURG S.A.
GRAN COLOMBIA DE AVIACION SAS SA;GRAN COLOMBIA DE AVIACION SAS SA
HELICÓPTEROS MARINOS S.A.;HELICÓPTEROS MARINOS S.A.
HELITOURS S.A.;HELITOURS S.A.
HELITRONADOR;HELITRONADOR
HONEYWEELL InternacionalNATIONAL INC;HONEYWEELL InternacionalNATIONAL INC
HONEYWEL INTERNATIONAL INC (EEUU);HONEYWEL INTERNATIONAL INC (EEUU)
HS AIR 1 LLC;HS AIR 1 LLC
IBAR LTDA (BRASIL);IBAR LTDA (BRASIL)
ICARO TAXI AEREO LTDA. (BRASIL);ICARO TAXI AEREO LTDA. (BRASIL)
INC AVIATION;INC AVIATION
INDUSTRIA TEXTIL APUCARANA LTDA;INDUSTRIA TEXTIL APUCARANA LTDA
INSTITUTO SUPERIOR AERONAUTICO;INSTITUTO SUPERIOR AERONAUTICO
INTERNATIONAL AERO;INTERNATIONAL AERO
INTRACOM GROUP (EEUU);INTRACOM GROUP (EEUU)
INVERSIONES AEREAS PATAGONIA LIMITADA;INVERSIONES AEREAS PATAGONIA LIMITADA
INVERSIONES BRACOS LIMITADA;INVERSIONES BRACOS LIMITADA
INVERSIONES CIRRUS - LARRAIN 7941- CHILE;INVERSIONES CIRRUS - LARRAIN 7941- CHILE
INVERSIONES TOTORALILLO;INVERSIONES TOTORALILLO
ITAIPU (PARAGUAY);ITAIPU (PARAGUAY)
ITT INDUSTRIES, INC. (EEUU);ITT INDUSTRIES, INC. (EEUU)
JEP MANAGEMENT EUROPE;JEP MANAGEMENT EUROPE
JET AVIATION, BUSINESS JETS AG;JET AVIATION, BUSINESS JETS AG
JET UP AVIATION;JET UP AVIATION
JFAIRCORP;JFAIRCORP
JOSE EDUARDO PENA;JOSE EDUARDO PENA
JPMORGAN CHASE AND CO;JPMORGAN CHASE AND CO
LADRILLERA SANTAFE;LADRILLERA SANTAFE
LUFTHANSA;LUFTHANSA
M DIAS BRANCO (BRASIL);M DIAS BRANCO (BRASIL)
MC DONALD´S CORPORATION;MC DONALD´S CORPORATION
MEDJET InternacionalNATIONAL;MEDJET InternacionalNATIONAL
MERCANTIL SERVICIOS FINANCIEROS;MERCANTIL SERVICIOS FINANCIEROS
MERIDIAN AIR CARGO INC;MERIDIAN AIR CARGO INC
MGS AVIATION INC;MGS AVIATION INC
MILLAS DANIEL;MILLAS DANIEL
NATUREZA PRODUCEOS ARISTICA PUBLICIDADE;NATUREZA PRODUCEOS ARISTICA PUBLICIDADE
NETJET AVIATION INC;NETJET AVIATION INC
NUTRACOM INDUSTRIA E COMERCIO LTDA;NUTRACOM INDUSTRIA E COMERCIO LTDA
OMNIS FLYS S.A. (MEXICO);OMNIS FLYS S.A. (MEXICO)
PALAEROPACE LTD;PALAEROPACE LTD
PDZ ADMINISTRADORA DE BENS SPE LTDA;PDZ ADMINISTRADORA DE BENS SPE LTDA
PEREIRA ALVIM PARTICIP E EMPREEND LTDA;PEREIRA ALVIM PARTICIP E EMPREEND LTDA
PETROWEST OPERATIONS SERVICES S.A.;PETROWEST OPERATIONS SERVICES S.A.
PLATAFORMA NORTE;PLATAFORMA NORTE
PRIVATAIR AND FLIGHT SERVICE GROUP INC.;PRIVATAIR AND FLIGHT SERVICE GROUP INC.
RAMIREZ JOSE MARTIN;RAMIREZ JOSE MARTIN
RED WING (PANAMA);RED WING (PANAMA)
ROTOR S.A.;ROTOR S.A.
ROYAL JET;ROYAL JET
ROYAL SWAZI NATIONAL AIRWAYS CORP.;ROYAL SWAZI NATIONAL AIRWAYS CORP.
SALVUCCI ABELARDO ANTONIO;SALVUCCI ABELARDO ANTONIO
SAT BRAS IND ELETR AMAZONIA LTDA;SAT BRAS IND ELETR AMAZONIA LTDA
SATCOM DIRECT INC;SATCOM DIRECT INC
SERVICIOS AEREOS REGIOMONTANOS;SERVICIOS AEREOS REGIOMONTANOS
SERVICIOS INTEGRALES DE AVIACION S.A.;SERVICIOS INTEGRALES DE AVIACION S.A.
SIDENEY GONCALVES LIMA;SIDENEY GONCALVES LIMA
SILEA PARTICIPACOES;SILEA PARTICIPACOES
SKY FLIGHT;SKY FLIGHT
SKY SERVICE AVIATION (CANADA);SKY SERVICE AVIATION (CANADA)
SKY SERVICES BUSSINESS;SKY SERVICES BUSSINESS
SMARTWINGS;SMARTWINGS
SOMNA LUIS HORACIO;SOMNA LUIS HORACIO
SOUTHERN AIRCRAFT CONSULTANCY INC TRUSTE;SOUTHERN AIRCRAFT CONSULTANCY INC TRUSTE
SPECIAL FLIGHT DETACHMENT RUSSIA;SPECIAL FLIGHT DETACHMENT RUSSIA
SQUADRON AVIATION SERVICES LIMITED;SQUADRON AVIATION SERVICES LIMITED
STARA S.A.;STARA S.A.
SUN AIR JETS;SUN AIR JETS
SUN AIR JETS LLC;SUN AIR JETS LLC
SUNDOWH PASTORAL COM (AUSTRALIA);SUNDOWH PASTORAL COM (AUSTRALIA)
SWISS PRIVATE JET;SWISS PRIVATE JET
TAG AVIATION ASIA LTD;TAG AVIATION ASIA LTD
TAG AVIATION ESPAÑA;TAG AVIATION ESPAÑA
TEXTRON RECEIVABLE CORP (PARAGUAY);TEXTRON RECEIVABLE CORP (PARAGUAY)
TRANSAIR LEASING INC;TRANSAIR LEASING INC
TRANSPORTES AEROSUR LIMITADA (CHILE);TRANSPORTES AEROSUR LIMITADA (CHILE)
UNICA INDUSTRIA DE MOVIES S.A.;UNICA INDUSTRIA DE MOVIES S.A.
VIH EXECUJET LTD;VIH EXECUJET LTD
VIKING AIR LIMITED;VIKING AIR LIMITED
VIP AIR S.R.L.;VIP AIR S.R.L.
VOLGA DNEPR CARGO AIRLINES;VOLGA DNEPR CARGO AIRLINES
VPR BRASIL - IMPORTACOES E EXPORTACOES;VPR BRASIL - IMPORTACOES E EXPORTACOES
WERNIN ADMINISTRADORA LTDA;WERNIN ADMINISTRADORA LTDA
WHISKY BRAVO;WHISKY BRAVO
WHISKY BRAVO S.R.L;WHISKY BRAVO S.R.L
WIDEWORLD INC.;WIDEWORLD INC.
WINDY POINT CAPITAL PARTNERS LL;WINDY POINT CAPITAL PARTNERS LL
ZYMAN AVIATION LLC;ZYMAN AVIATION LLC
4 G´S AVIATION SERVICES LLC;4 G´S AVIATION SERVICES LLC
711 CODY INC;711 CODY INC
A.T.S.A.;A.T.S.A.
ABBOTT LABORATORIE;ABBOTT LABORATORIE
ABCD SL DISTRIBUIDORA LTDA-BRASIL;ABCD SL DISTRIBUIDORA LTDA-BRASIL
AC PROTEINA AGROPECUARIA S.A.;AC PROTEINA AGROPECUARIA S.A.
ACAD.SUP.AVIACION CIVIL LTDA;ACAD.SUP.AVIACION CIVIL LTDA
ACS LEASING LLC.;ACS LEASING LLC.
AEREO PATAGONES S.A.;AEREO PATAGONES S.A.
AEREO SERVICIOS SA DE CV;AEREO SERVICIOS SA DE CV
AEREOSERVICIOS CONIMEX LTDA.;AEREOSERVICIOS CONIMEX LTDA.
AERO  MOLL;AERO  MOLL
AERO ANDINA S.A;AERO ANDINA S.A
AERO CLUB ARGENTINO;AERO CLUB ARGENTINO
AERO CLUB CARLOS TEJEDOR;AERO CLUB CARLOS TEJEDOR
AERO CLUB FLORES;AERO CLUB FLORES
AERO CLUB GENERAL NECOCHEA;AERO CLUB GENERAL NECOCHEA
AERO CLUB LA PAZ;AERO CLUB LA PAZ
AERO CLUB PAMPEANO;AERO CLUB PAMPEANO
AERO CLUB RIO GALLEGOS;AERO CLUB RIO GALLEGOS
AERO CLUB RIO GRANDE;AERO CLUB RIO GRANDE
AERO CLUB SAN NICOLAS;AERO CLUB SAN NICOLAS
AERO CLUB TOSTADO;AERO CLUB TOSTADO
AERO CLUB USHUAIA;AERO CLUB USHUAIA
AERO SERVICES EXECUTIVE;AERO SERVICES EXECUTIVE
AERO SERVICIOS ENTRE RIOS ASER S.A.;AERO SERVICIOS ENTRE RIOS ASER S.A.
AERO SERVICIOS NOA S.R.L.;AERO SERVICIOS NOA S.R.L.
AEROATELIER;AEROATELIER
AEROBENIC S.A;AEROBENIC S.A
AEROCLUB LUJAN;AEROCLUB LUJAN
AEROCLUB MARAGATA (URUGUAY);AEROCLUB MARAGATA (URUGUAY)
AEROCLUB OLIVA;AEROCLUB OLIVA
AEROCLUB TANDIL;AEROCLUB TANDIL
AEROCOMERCIAL ANDES AIR LIMITADA;AEROCOMERCIAL ANDES AIR LIMITADA
AEROFREIGHT AIRLINES J S C (RUSIA);AEROFREIGHT AIRLINES J S C (RUSIA)
AEROLEAR;AEROLEAR
AERONEA S.A.;AERONEA S.A.
AEROPOSTA;AEROPOSTA
AEROSEED;AEROSEED
AEROSUR (BOLIVIA) (F-VIGENC. 30/11/2002);AEROSUR (BOLIVIA) (F-VIGENC. 30/11/2002)
AEROTAC;AEROTAC
AEROTAXIS 2000 S.A. (MEXICO);AEROTAXIS 2000 S.A. (MEXICO)
AGATTU TRADING 22;AGATTU TRADING 22
AGENOR ALVES SOUZA JUNIOR;AGENOR ALVES SOUZA JUNIOR
AGRICOLA AVIACION S.H.;AGRICOLA AVIACION S.H.
AGRO CEREALES S.A.;AGRO CEREALES S.A.
AGROAIRES  LANGE S.R.L.;AGROAIRES  LANGE S.R.L.
AGROAYRES S.A;AGROAYRES S.A
AGROPECUARIA GP S.A;AGROPECUARIA GP S.A
AGROSERRANA;AGROSERRANA
AIR ALMATY;AIR ALMATY
AIR AMBURG;AIR AMBURG
AIR BELGIUM;AIR BELGIUM
AIR DISPACH (EEUU);AIR DISPACH (EEUU)
AIR GATO ENTERPRISES, INC;AIR GATO ENTERPRISES, INC
AIR JET PATRIMONIAL;AIR JET PATRIMONIAL
AIR KING JET S.A;AIR KING JET S.A
AIR MALTA PLC.;AIR MALTA PLC.
AIR MELLON;AIR MELLON
AIR PULLMANTUR;AIR PULLMANTUR
AIRCRAFT CUARANTY CORFTRUSTE;AIRCRAFT CUARANTY CORFTRUSTE
AIRCRAFT FINANCIAL SERVICES;AIRCRAFT FINANCIAL SERVICES
AIRCRAFT GARANTY;AIRCRAFT GARANTY
AIRCRAFT TRANSPORT SERVICE;AIRCRAFT TRANSPORT SERVICE
AIRMED InternacionalNATIONAL LLC;AIRMED InternacionalNATIONAL LLC
AIRMEN;AIRMEN
AIRX;AIRX
AJ WALTER AVIATION LTD;AJ WALTER AVIATION LTD
ALA ESCUELA DE VUELO (NOMBRE FANTASIA);ALA ESCUELA DE VUELO (NOMBRE FANTASIA)
ALB PARTICIPACOEJ;ALB PARTICIPACOEJ
ALBAJET;ALBAJET
ALEXANDROFF ARMSTRONG MICHAEL DOUGLAS;ALEXANDROFF ARMSTRONG MICHAEL DOUGLAS
ALEXIER LIMITED BVI;ALEXIER LIMITED BVI
ALFREDO H. OLMEDO S.A.;ALFREDO H. OLMEDO S.A.
ALLAN BOHER;ALLAN BOHER
ALPA SA;ALPA SA
ALPHACENTAURI S.A.;ALPHACENTAURI S.A.
ALPINE JET SERVICES;ALPINE JET SERVICES
AMAPIL TAXI AEREO LTDA. (BRASIL);AMAPIL TAXI AEREO LTDA. (BRASIL)
AMBEU;AMBEU
AMERICAN EXPRESS FINANCIAL;AMERICAN EXPRESS FINANCIAL
AMERICAN InternacionalNATIONAL GROUP INC.;AMERICAN InternacionalNATIONAL GROUP INC.
AMERICAN LOGISTIC S.A.;AMERICAN LOGISTIC S.A.
AMRUS;AMRUS
ANAZCO TRANS AIR LLC;ANAZCO TRANS AIR LLC
ANDRADA MIGUEL Y MANUEL PEÑA;ANDRADA MIGUEL Y MANUEL PEÑA
ANDREW SETH DAVIDSON;ANDREW SETH DAVIDSON
ANTONIO CARLOS MARINI;ANTONIO CARLOS MARINI
ARCALLANA S.A.;ARCALLANA S.A.
ASSA FBO GUATEMALA;ASSA FBO GUATEMALA
ASSOCIACAO VITORIA EM CRISTO;ASSOCIACAO VITORIA EM CRISTO
ASTRA HOLDINGS (EEUU);ASTRA HOLDINGS (EEUU)
ATOMIC 50 HOLGING;ATOMIC 50 HOLGING
AUA;AUA
AVCON JET AG;AVCON JET AG
AVIACION LUPETTI SRL;AVIACION LUPETTI SRL
AVIACION S.A.;AVIACION S.A.
AVIAGRO S.R.L.;AVIAGRO S.R.L.
AVIATION CONSULTANTS INC;AVIATION CONSULTANTS INC
AVIATION PARTS EXECUTIVE INCOMPANY;AVIATION PARTS EXECUTIVE INCOMPANY
AVION SUR S.A.;AVION SUR S.A.
AVIOTTISINC;AVIOTTISINC
BANCO DE CREDITO E INVERSIONES;BANCO DE CREDITO E INVERSIONES
BARBIER THIERRY;BARBIER THIERRY
BELL HELICOPTER TEXTRON INC;BELL HELICOPTER TEXTRON INC
BH HOLDINGS;BH HOLDINGS
BIGAS MEIER ALONSO;BIGAS MEIER ALONSO
BINIMI;BINIMI
BIONDI MARCOS;BIONDI MARCOS
BLACK EAGLE HAVACILIK A.S;BLACK EAGLE HAVACILIK A.S
BLOOMBERG SERVICES;BLOOMBERG SERVICES
BLOWFLUVIAL S.A. DE NAVEGACION / GON LLC;BLOWFLUVIAL S.A. DE NAVEGACION / GON LLC
BLUE CITY HOLDING;BLUE CITY HOLDING
BORDA MINGO Y BILBAO HORNAECKE (CHILE);BORDA MINGO Y BILBAO HORNAECKE (CHILE)
BORTNIK MEIMIS HUGO DANIEL;BORTNIK MEIMIS HUGO DANIEL
BR AVIACAO EXECUTIVA LTDA;BR AVIACAO EXECUTIVA LTDA
BRASIL WARRANT ADM. DE BENS LTDA.-BRASIL;BRASIL WARRANT ADM. DE BENS LTDA.-BRASIL
BRILLIAN JET CO LTD;BRILLIAN JET CO LTD
BROCAL HOLDING LTDA.;BROCAL HOLDING LTDA.
BUERO ENRIQUE;BUERO ENRIQUE
BUSINESS JET SOLUTIONS (U.S.A);BUSINESS JET SOLUTIONS (U.S.A)
BUSINESS TRUST UTAH;BUSINESS TRUST UTAH
BV AVIATION V LLC;BV AVIATION V LLC
C.I.C.A - DIEGO ALEJANDRO GEDDES;C.I.C.A - DIEGO ALEJANDRO GEDDES
CANTOSOL S.A. (URUGUAY);CANTOSOL S.A. (URUGUAY)
CARABINEROS DE CHILE;CARABINEROS DE CHILE
CARDAL AKTIENGESELLSCHAFTR;CARDAL AKTIENGESELLSCHAFTR
CARLOS CESAR MADENA;CARLOS CESAR MADENA
CARLOS JORGE;CARLOS JORGE
CARVALHO CUNHA, OLGA I. (BRASIL);CARVALHO CUNHA, OLGA I. (BRASIL)
CASSARINO JOSE;CASSARINO JOSE
CASTELLINI, ANDRE;CASTELLINI, ANDRE
CATERPILLAR INC;CATERPILLAR INC
CAVA LLC;CAVA LLC
CENTAURUS TAXI AERO LTDA.;CENTAURUS TAXI AERO LTDA.
CENTRO UNIVERSITARIO DE AVIACION;CENTRO UNIVERSITARIO DE AVIACION
CG1 ADM DE BENS PROPRIOS SA;CG1 ADM DE BENS PROPRIOS SA
CIELO PATAGÓNICO SUR S.R.L.;CIELO PATAGÓNICO SUR S.R.L.
CIMEELI COM E IND DE METAIS E LIGAS;CIMEELI COM E IND DE METAIS E LIGAS
CIPRIANI CONSULTING;CIPRIANI CONSULTING
CIT BANK;CIT BANK
CL ASSESSORIA FINANCIERA;CL ASSESSORIA FINANCIERA
CLASSIC WINGS INC;CLASSIC WINGS INC
CLEMENS AVIATION LLC;CLEMENS AVIATION LLC
CLEMENS AVIATION MANAGEMENT LLC;CLEMENS AVIATION MANAGEMENT LLC
CNEA CORRIENTES;CNEA CORRIENTES
COCA COLA ENTERPRISES INC.;COCA COLA ENTERPRISES INC.
COLONY ADVISOR LLC;COLONY ADVISOR LLC
COLUMBIA AVIATION HOLDING LTDA;COLUMBIA AVIATION HOLDING LTDA
COMP Y ARRIENDO DE AERONAVES JACINTA LTD;COMP Y ARRIENDO DE AERONAVES JACINTA LTD
COMPAGNIA AERONAUTICA ITALIANA SPA;COMPAGNIA AERONAUTICA ITALIANA SPA
COMPANHIA MELHORAMENTOS NORTE DO PARANA;COMPANHIA MELHORAMENTOS NORTE DO PARANA
COMPANIA BRASILERA DE DESENVOLVIMIENTO I;COMPANIA BRASILERA DE DESENVOLVIMIENTO I
COMPANIA EXPECTRA AVIATION INC;COMPANIA EXPECTRA AVIATION INC
CONFEDERAL VIG E TRANSPORTE DE VALORES;CONFEDERAL VIG E TRANSPORTE DE VALORES
CONST. NOBERTO ODEBRETHT SA (BRASIL);CONST. NOBERTO ODEBRETHT SA (BRASIL)
CONTINENTAL JET S.A.;CONTINENTAL JET S.A.
COORPORACION ETRUSCO SA;COORPORACION ETRUSCO SA
COPART. INC. AND COPART EQUIPMENT. LLC;COPART. INC. AND COPART EQUIPMENT. LLC
CORPORACION GAD INC;CORPORACION GAD INC
CORPORATE FLIGHT InternacionalNATIONAL DBA THRIV;CORPORATE FLIGHT InternacionalNATIONAL DBA THRIV
COSPAVI CONSTRUCAO E PARTICIPAO LTDA.;COSPAVI CONSTRUCAO E PARTICIPAO LTDA.
COSTA NEGOCIOS E TECNOLOGIA;COSTA NEGOCIOS E TECNOLOGIA
CROWN EQUIPMENT FLIGHT DEPT;CROWN EQUIPMENT FLIGHT DEPT
D.G.A.C. SANTIAGO DEL ESTERO;D.G.A.C. SANTIAGO DEL ESTERO
DAESA (PARAGUAY);DAESA (PARAGUAY)
DAP HELICOPTEROS;DAP HELICOPTEROS
DAVID B MILLER;DAVID B MILLER
DD AVIATION GROUP S.R.L.;DD AVIATION GROUP S.R.L.
DE SOUZA MOREIRA, GILBERTO;DE SOUZA MOREIRA, GILBERTO
DEERJET BEIJING CO. LTD;DEERJET BEIJING CO. LTD
DELTA PRIVATE JETS;DELTA PRIVATE JETS
DELTA SOUTHERN RESOURCE LEASING LLC;DELTA SOUTHERN RESOURCE LEASING LLC
DENNIS ALVAN HANSON;DENNIS ALVAN HANSON
DENNIS TITO;DENNIS TITO
DER JEOU CHOU;DER JEOU CHOU
DIGITAL AIR TAXI S.A.;DIGITAL AIR TAXI S.A.
DIRECCION AERON. DE AVIACION CIVIL SALTA;DIRECCION AERON. DE AVIACION CIVIL SALTA
DIRECCION PROV CORDOBA;DIRECCION PROV CORDOBA
DISNEY RECORDS;DISNEY RECORDS
DISTRIBUIDORA AUTOMOTIVA SA;DISTRIBUIDORA AUTOMOTIVA SA
DOUGLAS DOS SANTOS AGUIAR;DOUGLAS DOS SANTOS AGUIAR
DPC DISTRIBUIDOR ATACADISTA;DPC DISTRIBUIDOR ATACADISTA
DRAMD PART E ADM LTDA;DRAMD PART E ADM LTDA
DUCASSE COMERCIAL LTDA;DUCASSE COMERCIAL LTDA
DUMONT AIRCRAFT CHARTER / DNA AIR LLC;DUMONT AIRCRAFT CHARTER / DNA AIR LLC
DV InternacionalNATIONAL AVIATION LLC;DV InternacionalNATIONAL AVIATION LLC
EAGLE COPTER SOUTH AMERICA S.A.;EAGLE COPTER SOUTH AMERICA S.A.
EARTH STAR INC. (EEUU);EARTH STAR INC. (EEUU)
EAU;EAU
ECHEVERRIA ROBERTO;ECHEVERRIA ROBERTO
ECOJET S.A.;ECOJET S.A.
EDEMILSON, ANTONIO DE LIMA;EDEMILSON, ANTONIO DE LIMA
EDITORIAL SARMIENTO S.A.;EDITORIAL SARMIENTO S.A.
EJME AIRCRAFT MANAGMENT;EJME AIRCRAFT MANAGMENT
EJS EXECUTIVE JET SMARES II INC.;EJS EXECUTIVE JET SMARES II INC.
EL ROBLE S.R.L.;EL ROBLE S.R.L.
EMBRAER (EMPRESA BRASILEIRA DE AERONAUT);EMBRAER (EMPRESA BRASILEIRA DE AERONAUT)
EMILIANO RODRIGUES DA SILVA E OUTROS;EMILIANO RODRIGUES DA SILVA E OUTROS
EMPRENDIMIENTOS AEREOS A.L.T.A. S.A.;EMPRENDIMIENTOS AEREOS A.L.T.A. S.A.
EMPRESA AEREA AIM SPA;EMPRESA AEREA AIM SPA
EMPRESA CONSTRUCTORA LIDER LTDA. (BRA);EMPRESA CONSTRUCTORA LIDER LTDA. (BRA)
EMS SA;EMS SA
ENTERTAINMENT INC. PINNACLE (PERU);ENTERTAINMENT INC. PINNACLE (PERU)
ESCUELA DE VUELO DAMIAN JUHANT DISP65/10;ESCUELA DE VUELO DAMIAN JUHANT DISP65/10
ESCUELA DE VUELO KING FLIGHT;ESCUELA DE VUELO KING FLIGHT
ETERNITY INTERNATIONAL;ETERNITY INTERNATIONAL
ETIHAD;ETIHAD
EX SWD 30-04-03;EX SWD 30-04-03
EXECUJET AUSTRALIA PTY LIMITED;EXECUJET AUSTRALIA PTY LIMITED
EXECUJET MIDDLE EAST LLC;EXECUJET MIDDLE EAST LLC
EXECUTIVE AIR SERVICES;EXECUTIVE AIR SERVICES
EXECUTIVE JETS S.R.L.;EXECUTIVE JETS S.R.L.
FABIAN MACIAS AVIACIÓN AGRÍCOLA S.A.;FABIAN MACIAS AVIACIÓN AGRÍCOLA S.A.
FALCON CRESTON AVIATION;FALCON CRESTON AVIATION
FERTIPAR;FERTIPAR
FIRST MANDARIN BUSINESS AVIATION CO LTD;FIRST MANDARIN BUSINESS AVIATION CO LTD
FLY CENTER S.R.L.;FLY CENTER S.R.L.
FLY PARAGUAY SRL;FLY PARAGUAY SRL
FLYING LION LTD;FLYING LION LTD
FLYING PARTNERS CVBA;FLYING PARTNERS CVBA
FLYMEX;FLYMEX
FRANKLIN TEMPLETON;FRANKLIN TEMPLETON
FTC AVIATION SRL;FTC AVIATION SRL
FUERZA AEREA COREA DEL SUR;FUERZA AEREA COREA DEL SUR
FUERZA AEREA DE EMIRATOS ARABES UNIDOS;FUERZA AEREA DE EMIRATOS ARABES UNIDOS
FUERZA AEREA ECUATORIANA;FUERZA AEREA ECUATORIANA
FUERZA AEREA FRANCESA;FUERZA AEREA FRANCESA
GALMEZ PUIG,  JORGE ENRIQUEZ;GALMEZ PUIG,  JORGE ENRIQUEZ
GAMA CHARTERS INC;GAMA CHARTERS INC
GANADERA AGROPECUARIA CATARINA S.A.;GANADERA AGROPECUARIA CATARINA S.A.
GANADERA VISTA ALEGRE;GANADERA VISTA ALEGRE
GARCIA VERA ROBERTO G.;GARCIA VERA ROBERTO G.
GAVANE VIKRAM;GAVANE VIKRAM
GCTPA LLC.;GCTPA LLC.
GESTAIR AVIATION MALTA;GESTAIR AVIATION MALTA
GIACOMELLI EUGENIO FAUSTINO;GIACOMELLI EUGENIO FAUSTINO
GIAN CARLO MERCOLINI;GIAN CARLO MERCOLINI
GLOBAL AIR CHARTER INC;GLOBAL AIR CHARTER INC
GLOBAL AIR CHARTER INC-EEUU;GLOBAL AIR CHARTER INC-EEUU
GLOBAL AVIATION (EEUU);GLOBAL AVIATION (EEUU)
GOB. PCIA. SANTA CRUZ DIR. PROV. AER.;GOB. PCIA. SANTA CRUZ DIR. PROV. AER.
GOLD EAGLE LLC;GOLD EAGLE LLC
GOYA S.A. (PARAGUAY);GOYA S.A. (PARAGUAY)
GUARDIAN INDUSTRIES CORP;GUARDIAN INDUSTRIES CORP
GUZMAN OMAR LIDORO Y CATAZZA DI CARLO;GUZMAN OMAR LIDORO Y CATAZZA DI CARLO
HANGAR 3 POLO AERODEPOTIVO S.R.L.;HANGAR 3 POLO AERODEPOTIVO S.R.L.
HANGAR SUD;HANGAR SUD
HELI FLIGHT GERMANY;HELI FLIGHT GERMANY
HELICOPTER CORPORATION S.A.;HELICOPTER CORPORATION S.A.
HENRY AIR LLC;HENRY AIR LLC
HIDROTEC S.R.L.;HIDROTEC S.R.L.
HONEYWEL InternacionalNATIONAL INC (EEUU);HONEYWEL InternacionalNATIONAL INC (EEUU)
HORST COSTA JICHA;HORST COSTA JICHA
IMSA;IMSA
INDIGO (BRASIL);INDIGO (BRASIL)
INGENIERIA ESTRELLA;INGENIERIA ESTRELLA
INMOBILIARIA DEL ESTE;INMOBILIARIA DEL ESTE
INMOBILIARIA DEL ESTE S.A.  (PARAGUAY);INMOBILIARIA DEL ESTE S.A.  (PARAGUAY)
INTELLECTUAL VENTURES MANAGMENT;INTELLECTUAL VENTURES MANAGMENT
InternacionalAVIA TAXI AEREO LTDA;InternacionalAVIA TAXI AEREO LTDA
INVERSIONES ALAS BAJAS;INVERSIONES ALAS BAJAS
INVERSIONES ASPI;INVERSIONES ASPI
INVERSIONES LA MARRON NRO 2 S.A.;INVERSIONES LA MARRON NRO 2 S.A.
IRMAOS MUFFATO E CIA LTD. (BRASIL);IRMAOS MUFFATO E CIA LTD. (BRASIL)
IXAIR;IXAIR
J MALUCELLI ASEGURADORA S.A.;J MALUCELLI ASEGURADORA S.A.
JAPAT AG;JAPAT AG
JAYMR MASSON;JAYMR MASSON
JBF  PROPRIEDADES LTDA;JBF  PROPRIEDADES LTDA
JBNB FALCON LLC (EEUU);JBNB FALCON LLC (EEUU)
JCN AGROPECUARIA E PARTICIPACOES;JCN AGROPECUARIA E PARTICIPACOES
JCPM INVESTIMIENTOS LTDA;JCPM INVESTIMIENTOS LTDA
JELTRAN LLC;JELTRAN LLC
JET AVIATION BUSINESS JETS (HK) LTD;JET AVIATION BUSINESS JETS (HK) LTD
JET BEST LLC (EEUU);JET BEST LLC (EEUU)
JET CITY PTY;JET CITY PTY
JET RESCUE AIR AMBULANCE;JET RESCUE AIR AMBULANCE
JOAO ROBERTO VIEIRA DA COSTA;JOAO ROBERTO VIEIRA DA COSTA
JOHN FRNKLIN AUER;JOHN FRNKLIN AUER
JORGE OCTAVIO CACERES MEBCHAGA;JORGE OCTAVIO CACERES MEBCHAGA
JOSE MACARENA  (CHILE);JOSE MACARENA  (CHILE)
JP ADMINISTRACAO E PARTICIPACOE LTDA;JP ADMINISTRACAO E PARTICIPACOE LTDA
KAUSHAKIS PETER;KAUSHAKIS PETER
KIRINUS PATRICK;KIRINUS PATRICK
KISSAMA COM LOC EQUIP EL ELECT LT;KISSAMA COM LOC EQUIP EL ELECT LT
KJ LEASING LLC;KJ LEASING LLC
KTRP CAPITAL PARTNERS. LP;KTRP CAPITAL PARTNERS. LP
LA 2DA COOPERTIVA DE SEGUROS;LA 2DA COOPERTIVA DE SEGUROS
LA MOLINA AVIATION;LA MOLINA AVIATION
LADISUL S.A.;LADISUL S.A.
LAJINHA AGROPECUARIA DE ITA;LAJINHA AGROPECUARIA DE ITA
LARRAMENDI JOSE FRANCISCO;LARRAMENDI JOSE FRANCISCO
LAS VEGAS SANDS CORP;LAS VEGAS SANDS CORP
LATITUDE AIR AMBULANCE;LATITUDE AIR AMBULANCE
LIBERTY MUTUAL;LIBERTY MUTUAL
LIMAVICTOR S.A.;LIMAVICTOR S.A.
LM AVIATION ADVISORS LLC;LM AVIATION ADVISORS LLC
LOPEZ FUMIGACIONES AEREAS S.R.L.;LOPEZ FUMIGACIONES AEREAS S.R.L.
LOT;LOT
LOW OFFICES (EEUU);LOW OFFICES (EEUU)
LRA FAMILY LLC;LRA FAMILY LLC
LTU OPERATIONS;LTU OPERATIONS
LUPI HUGO DIEGO;LUPI HUGO DIEGO
LUXAVIATION LUXEMBURGO;LUXAVIATION LUXEMBURGO
LXAMG;LXAMG
MAILHOS RUBEN;MAILHOS RUBEN
MALAYSIAN AIRLINES;MALAYSIAN AIRLINES
MAQUINAS AGRICOLAS JACTO (BRASIL);MAQUINAS AGRICOLAS JACTO (BRASIL)
MARTINO AVIATION;MARTINO AVIATION
MASTER (PARAGUAY);MASTER (PARAGUAY)
MASTERBOI LTDA;MASTERBOI LTDA
MC. AVIATION;MC. AVIATION
MCL EMPRENDIMIENTOS;MCL EMPRENDIMIENTOS
MEDJET INTERNATIONAL;MEDJET INTERNATIONAL
MEDSUL TAXI AEREO (BRASIL);MEDSUL TAXI AEREO (BRASIL)
MEGA BR INVESTIMIENTOS LTDA;MEGA BR INVESTIMIENTOS LTDA
MERIDIONAL LOCADORA DE VEHICULOS LTDA;MERIDIONAL LOCADORA DE VEHICULOS LTDA
MERUELO GROUP LLC;MERUELO GROUP LLC
METAME METALIRGICA LTDA;METAME METALIRGICA LTDA
METROJET LLC;METROJET LLC
METROPOLITAN LIFE INSURANCE CO;METROPOLITAN LIFE INSURANCE CO
MICHAEL ANTHONY KELLY;MICHAEL ANTHONY KELLY
MILLION AIR CHARTER;MILLION AIR CHARTER
MJETS LIMITED;MJETS LIMITED
MMX;MMX
MOHAMMAD HASSAN AWAD;MOHAMMAD HASSAN AWAD
MONTAGENS PROJECTOS (BRASIL);MONTAGENS PROJECTOS (BRASIL)
MONZA NEGOCIOS E PARTICIPACOES LTDA;MONZA NEGOCIOS E PARTICIPACOES LTDA
MOVIAIR SPA;MOVIAIR SPA
MSP RECOVERY AVIATION LLC;MSP RECOVERY AVIATION LLC
MUÑOZ HAROLDO OSCAR;MUÑOZ HAROLDO OSCAR
MUTACA MULTITRANSPORTE AEREO (BRASIL);MUTACA MULTITRANSPORTE AEREO (BRASIL)
MYLES DAVID GILLESPIE;MYLES DAVID GILLESPIE
N271AK;N271AK
NETFLIX INC;NETFLIX INC
NEWTON MANAGEMENT, LLC /BANK OF UTAH;NEWTON MANAGEMENT, LLC /BANK OF UTAH
NORTHERN EXPLORATION LLC;NORTHERN EXPLORATION LLC
OESTE DIESEL LTDA;OESTE DIESEL LTDA
OLFAR S.A. ALIMENTO E ENERGIA;OLFAR S.A. ALIMENTO E ENERGIA
OMNI InternacionalN. COM. IMP. E EXP. LTDA;OMNI InternacionalN. COM. IMP. E EXP. LTDA
OTTERBAHN LLC;OTTERBAHN LLC
OUTPOST InternacionalNATIONAL LLC.;OUTPOST InternacionalNATIONAL LLC.
PACIFIC OCEAN;PACIFIC OCEAN
PAIC PARTICIPACOES LTDA;PAIC PARTICIPACOES LTDA
PAMPA AGRICOLA;PAMPA AGRICOLA
PAPALIMA PATRIMONIAL LTDA;PAPALIMA PATRIMONIAL LTDA
PATAGONIAR SPA;PATAGONIAR SPA
PELIKANO CORP;PELIKANO CORP
PERFORMED LINE LLC;PERFORMED LINE LLC
PERSONAS Y PAQUETES POR AIRE  (MEXICO);PERSONAS Y PAQUETES POR AIRE  (MEXICO)
PERTRANS S.A.;PERTRANS S.A.
PFIZER INC. (EEUU);PFIZER INC. (EEUU)
PGB ADMINISTRACAO E PARTICIPACOES LTDA;PGB ADMINISTRACAO E PARTICIPACOES LTDA
PHARMA AIR;PHARMA AIR
PILOT RENE MARCOS;PILOT RENE MARCOS
PINNACLE ENTERTAINMENT;PINNACLE ENTERTAINMENT
PLANE AND PARTS INC;PLANE AND PARTS INC
PLANET NINE PRIVATE AIR LLC;PLANET NINE PRIVATE AIR LLC
PLATAFORMA NORTE- ALEJANDRO D. BAUDRACCO;PLATAFORMA NORTE- ALEJANDRO D. BAUDRACCO
POLARIS AVIATION SERVICES;POLARIS AVIATION SERVICES
PONCE DE LEON (URUGUAY);PONCE DE LEON (URUGUAY)
PONTAL ADEMINISTRACAO E PARTICIPACAO LTD;PONTAL ADEMINISTRACAO E PARTICIPACAO LTD
POZAM ENGENHARIA (BRASIL);POZAM ENGENHARIA (BRASIL)
PPG INDUSTRIES;PPG INDUSTRIES
PRESCOOT SUPPORT;PRESCOOT SUPPORT
PROAIR AVIATION GMBH;PROAIR AVIATION GMBH
PROFLITE;PROFLITE
PUERTO BG S.R.L.;PUERTO BG S.R.L.
PUERTO SEGURO FLUBIAL S.A;PUERTO SEGURO FLUBIAL S.A
PUNTO FA SL;PUNTO FA SL
QUILQUE S.A.;QUILQUE S.A.
R.O.P. AVIATIN INC.;R.O.P. AVIATIN INC.
RACOLE S.A.;RACOLE S.A.
RAFAEL RANZOLIN;RAFAEL RANZOLIN
RALBI SA;RALBI SA
RANGERS TROUT HOLDINGS LLC;RANGERS TROUT HOLDINGS LLC
READY AIR HELICOPTERS S.A.;READY AIR HELICOPTERS S.A.
REDWING SA. DE C.V.;REDWING SA. DE C.V.
RELIANCE JETS CORP;RELIANCE JETS CORP
RG AVIATION LLC;RG AVIATION LLC
RIO BONITOCAMUNICACAO LTDA.;RIO BONITOCAMUNICACAO LTDA.
ROSA DE LOS VIENTOS S.A.;ROSA DE LOS VIENTOS S.A.
ROTORTEC LIMITADA;ROTORTEC LIMITADA
ROUND THE WORDL LLC;ROUND THE WORDL LLC
ROUX INVESTIMENT MANAGEMENT LLT;ROUX INVESTIMENT MANAGEMENT LLT
S.A.S.  AEROAPLICACIONES S.R.L.;S.A.S.  AEROAPLICACIONES S.R.L.
S.C. JOHNSON & JOHNSON INC.  (EEUU);S.C. JOHNSON & JOHNSON INC.  (EEUU)
S&M ADMINISTRACAO DE AERONAVES LTDA;S&M ADMINISTRACAO DE AERONAVES LTDA
SA COMERCIOS Y ELETRODOMESTICOS;SA COMERCIOS Y ELETRODOMESTICOS
SAINI JOSE ANTONIO;SAINI JOSE ANTONIO
SALVICCI ABELARDO ANTONIO;SALVICCI ABELARDO ANTONIO
SAUDI ARABIAN;SAUDI ARABIAN
SCHERING PLOUG CORP;SCHERING PLOUG CORP
SCHMIDTH PATRICK;SCHMIDTH PATRICK
SCOTT AVIATION;SCOTT AVIATION
SEMENTES MAGGI LIMITADA (BRASIL);SEMENTES MAGGI LIMITADA (BRASIL)
SERV. AER. PATAGONICOS S.A.;SERV. AER. PATAGONICOS S.A.
SERVAER S.A.;SERVAER S.A.
SERVICIO AEROAGRICOLA DE FLORES;SERVICIO AEROAGRICOLA DE FLORES
SERVICIOS AEREOS ANDES AUSTRAL;SERVICIOS AEREOS ANDES AUSTRAL
SERVICIOS TRANSP AEREO SA (CHILE);SERVICIOS TRANSP AEREO SA (CHILE)
SERVICIOS Y ARRIENDO ROTORTEC;SERVICIOS Y ARRIENDO ROTORTEC
SETCO AVIATION LLC;SETCO AVIATION LLC
SHERWIN WILLIAMS;SHERWIN WILLIAMS
SIBULTAX SA;SIBULTAX SA
SILVER AIR;SILVER AIR
SILVER EAGLE AVIATION CORP;SILVER EAGLE AVIATION CORP
SIMISA SIMIONI METALURGICA LTDA.;SIMISA SIMIONI METALURGICA LTDA.
SIMON SAN SEBASTIAN;SIMON SAN SEBASTIAN
SINO JET BEIJING;SINO JET BEIJING
SKY FIRST;SKY FIRST
SKY PRIME AVIATION SERVICES;SKY PRIME AVIATION SERVICES
SKYSERVICE AIR AMBULANCE INTL INC;SKYSERVICE AIR AMBULANCE INTL INC
SMART AVIATION;SMART AVIATION
SMARTJET AVIATION LTD;SMARTJET AVIATION LTD
SOCIEDAD SIERRA ECO LTDA;SOCIEDAD SIERRA ECO LTDA
SOUTHERN AIR, INC.;SOUTHERN AIR, INC.
SOUTHERN JET MANAGENEMENT (EEUU);SOUTHERN JET MANAGENEMENT (EEUU)
SOUZA GERARDO;SOUZA GERARDO
SPANISH AIR FORCE;SPANISH AIR FORCE
SPRAYTEC FERTILIZANTES LTDA;SPRAYTEC FERTILIZANTES LTDA
SPUD GROWER FARMS LLC;SPUD GROWER FARMS LLC
STAJETS;STAJETS
STAR AIR A/S;STAR AIR A/S
STARBUCKS CORP.;STARBUCKS CORP.
STARSPEED;STARSPEED
STREAM LINE CIRCLE LLC;STREAM LINE CIRCLE LLC
SUNDANCE MC LLC;SUNDANCE MC LLC
SUNSET AVIATION LLC;SUNSET AVIATION LLC
SURJET MANAGEMENT LLC;SURJET MANAGEMENT LLC
SWIFTAIR S.A.;SWIFTAIR S.A.
SWISS INTI AIR LINES LTD;SWISS INTI AIR LINES LTD
T.T.H NEGOCIOS E PARTICIPACOES LTDA;T.T.H NEGOCIOS E PARTICIPACOES LTDA
TAG AVIATION UK LDT;TAG AVIATION UK LDT
TAM AVIACAO EXSEL E TAXI AEREO;TAM AVIACAO EXSEL E TAXI AEREO
TAXI AEREO EMPRESARIAL (BRASIL);TAXI AEREO EMPRESARIAL (BRASIL)
TEMBIAPORENDA S.A.;TEMBIAPORENDA S.A.
THE BANK OF NOVA SCOTIA;THE BANK OF NOVA SCOTIA
THE PRIVATE JET COMPANY;THE PRIVATE JET COMPANY
THE WORLD IS YOURS LTD;THE WORLD IS YOURS LTD
TNCC;TNCC
TRADENER LTDA;TRADENER LTDA
TRANQUILO PATAGONIA;TRANQUILO PATAGONIA
TRANSPORTE AEREO BINIMI SPA;TRANSPORTE AEREO BINIMI SPA
TRANSPORTE AEREO S.A.;TRANSPORTE AEREO S.A.
TRANSPORTES LA PAZ DE C.V.;TRANSPORTES LA PAZ DE C.V.
TRANSPORTES LUFT LTDA;TRANSPORTES LUFT LTDA
TRANSUD FRETAMENTO NACIONAIS E INT LTDA;TRANSUD FRETAMENTO NACIONAIS E INT LTDA
TRAVEL SERVICE;TRAVEL SERVICE
TRINITY BRODCASTING OF FLORIDA;TRINITY BRODCASTING OF FLORIDA
TROPIC AIR TAXI AEREO LTDA;TROPIC AIR TAXI AEREO LTDA
TROPICAL IMP.AERONAVES E LOGISTICA;TROPICAL IMP.AERONAVES E LOGISTICA
TROVATO C.I.S.A.;TROVATO C.I.S.A.
TUI AIRWAYS LIMITED;TUI AIRWAYS LIMITED
TUIM EMPREENDIMENTOS INMOBILIARIOS LTDA;TUIM EMPREENDIMENTOS INMOBILIARIOS LTDA
TURKISH AIRLINES;TURKISH AIRLINES
UNIVERSAL JET AVIATION INC.;UNIVERSAL JET AVIATION INC.
URRUTIA JUAN MANUEL;URRUTIA JUAN MANUEL
V5 ASSESSORIA E CONSULTORIA ESTRATEGICA;V5 ASSESSORIA E CONSULTORIA ESTRATEGICA
VALLE FORRAJE;VALLE FORRAJE
VEC S.R.L.;VEC S.R.L.
VELAZQUEZ MAURICIO;VELAZQUEZ MAURICIO
VELOCITY INC;VELOCITY INC
VENTO SA;VENTO SA
VERSACA LLC;VERSACA LLC
VIDFARMA IND. DE MEDICAMENTOS LTDA.;VIDFARMA IND. DE MEDICAMENTOS LTDA.
VILLARREAL LUIS MARIA;VILLARREAL LUIS MARIA
VOAR PARTICIPACOES LTDA;VOAR PARTICIPACOES LTDA
VOLUCER SRL;VOLUCER SRL
WALMART STORES INC;WALMART STORES INC
WASHINGTON PENN PLASTIC CO INC;WASHINGTON PENN PLASTIC CO INC
WCH AA, INC.;WCH AA, INC.
WELL FARGO BANK NORTWEST;WELL FARGO BANK NORTWEST
WEST AIR HOLDINGS, INC;WEST AIR HOLDINGS, INC
WHITE HORSE WORLD LLC;WHITE HORSE WORLD LLC
WILDERNESS POINT ASSOCIATES LLC;WILDERNESS POINT ASSOCIATES LLC
WILLIAMS KHERKHER LAW FIRM;WILLIAMS KHERKHER LAW FIRM
WINSTAR FARM LLC;WINSTAR FARM LLC
WONDERFULL CITRUS AVIATION;WONDERFULL CITRUS AVIATION
WORLD ATLANTIC AIRLINES;WORLD ATLANTIC AIRLINES
WORLD CLASS JET, LLC DBA LEVIATE JET MAN;WORLD CLASS JET, LLC DBA LEVIATE JET MAN
WORLDWIDE JET INC.;WORLDWIDE JET INC.
WRIGHTSON URUGUAY LIMITED SA;WRIGHTSON URUGUAY LIMITED SA
YANHILL FINANCE;YANHILL FINANCE
Z LINE DESIGNS INC;Z LINE DESIGNS INC
ZARANTONELLO;ZARANTONELLO
ZIFF CAPITAL PARTNERS;ZIFF CAPITAL PARTNERS
3DCSDF;3DCSDF
A.C. AVIATION (EEUU);A.C. AVIATION (EEUU)
A.N.D.E. (PARAGUAY);A.N.D.E. (PARAGUAY)
A.T.I. FLIGHT OPERATIONS;A.T.I. FLIGHT OPERATIONS
ABHELA TAXI AEREO LTDA. (BRASIL);ABHELA TAXI AEREO LTDA. (BRASIL)
ABRILE ALEJANDRO;ABRILE ALEJANDRO
ACASS IRELAND LTD;ACASS IRELAND LTD
ACOSTA MARÍA DE LOS ÁNGEL;ACOSTA MARÍA DE LOS ÁNGEL
ACRO EXPRESS TAXI AEREO LTDA (BRA);ACRO EXPRESS TAXI AEREO LTDA (BRA)
ACTRA S.A.;ACTRA S.A.
ADMINIST. EXPORTADORA IMPORTADORA;ADMINIST. EXPORTADORA IMPORTADORA
ADOLF WIRTH GMBOO Y CO. KG.;ADOLF WIRTH GMBOO Y CO. KG.
ADVANCE AIR MANAGEMENT;ADVANCE AIR MANAGEMENT
AEOSERVICIOS PILOT;AEOSERVICIOS PILOT
AEREOTRANSPOTES LIGURIA SPA;AEREOTRANSPOTES LIGURIA SPA
AERO AIR LLC;AERO AIR LLC
AERO CHARTERS S.R.L./ AEROTAXI;AERO CHARTERS S.R.L./ AEROTAXI
AERO CLUB AZUL;AERO CLUB AZUL
AERO CLUB BARILOCHE;AERO CLUB BARILOCHE
AERO CLUB BOLIVAR;AERO CLUB BOLIVAR
AERO CLUB CHACO;AERO CLUB CHACO
AERO CLUB FELIX BERASATEGUI;AERO CLUB FELIX BERASATEGUI
AERO CLUB GUALEGUAYCHU;AERO CLUB GUALEGUAYCHU
AERO CLUB LA CARLOTA;AERO CLUB LA CARLOTA
AERO CLUB MAR DEL PLATA;AERO CLUB MAR DEL PLATA
AERO CLUB SAN MARTIN;AERO CLUB SAN MARTIN
AERO DIENST Y CO KG;AERO DIENST Y CO KG
AERO FIGHT S.A.;AERO FIGHT S.A.
AERO JET S.A. (BOLIVIA);AERO JET S.A. (BOLIVIA)
AERO LOBERIA S.R.L.;AERO LOBERIA S.R.L.
AERO TAX S.A.;AERO TAX S.A.
AERO VIALE S.R.L.;AERO VIALE S.R.L.
AEROANDES S.R.L.;AEROANDES S.R.L.
AEROCLUB GENERAL PICO;AEROCLUB GENERAL PICO
AEROCLUB GUALEGUAY;AEROCLUB GUALEGUAY
AEROCLUB MALARGUE;AEROCLUB MALARGUE
AEROCLUB NEUQUEN;AEROCLUB NEUQUEN
AEROCLUB RAFAELA;AEROCLUB RAFAELA
AEROCLUB SANTIAGO DEL ESTERO;AEROCLUB SANTIAGO DEL ESTERO
AEROCLUB VENADO TUERTO;AEROCLUB VENADO TUERTO
AEROEXECUTIVE AVIATION;AEROEXECUTIVE AVIATION
AEROJET LIDER S.R.L.;AEROJET LIDER S.R.L.
AEROLINEAS EJECUTIVAS S.A. DE C.V. (MXC);AEROLINEAS EJECUTIVAS S.A. DE C.V. (MXC)
AEROLINEAS EJECUTIVAS SA DE CV;AEROLINEAS EJECUTIVAS SA DE CV
AEROMEXICO (MEXICO);AEROMEXICO (MEXICO)
AERORIO TAXI AEREO;AERORIO TAXI AEREO
AEROSAT (BRASIL);AEROSAT (BRASIL)
AEROSPACE CORPORATION;AEROSPACE CORPORATION
AEROSUPPORT LTDA.;AEROSUPPORT LTDA.
AEROTRANSPORTE ARAUCARIA LTDA.(CHILE);AEROTRANSPORTE ARAUCARIA LTDA.(CHILE)
AGRICULTURA CUSTOMS IMMGRATION;AGRICULTURA CUSTOMS IMMGRATION
AGRO AÉREO ROBERTS S.R.L.;AGRO AÉREO ROBERTS S.R.L.
AGRO FLIGHTS S.R.L.;AGRO FLIGHTS S.R.L.
AGRO INDUSTRIAL CAMPOS NUEVOS SA;AGRO INDUSTRIAL CAMPOS NUEVOS SA
AGRO LAS 3 NIÑAS;AGRO LAS 3 NIÑAS
AGROCETE INDUSTRIA DE FERTILIZANTES LTDA;AGROCETE INDUSTRIA DE FERTILIZANTES LTDA
AGROPECUARIA LA PROVIDENCIA S.A.;AGROPECUARIA LA PROVIDENCIA S.A.
AGROSERVICIOS CORONEL BOGADO S.R.L.;AGROSERVICIOS CORONEL BOGADO S.R.L.
AGROSERVICIOS EL PALENQUE S.A.;AGROSERVICIOS EL PALENQUE S.A.
AGUASANTA PARTICIPACOES SA;AGUASANTA PARTICIPACOES SA
AIR CHARTER EXPRES;AIR CHARTER EXPRES
AIR CUYO SA;AIR CUYO SA
AIR PLANE CONNECTION CORP LLC;AIR PLANE CONNECTION CORP LLC
AIR TRACTOR;AIR TRACTOR
AIRFLITE INC.;AIRFLITE INC.
AIRPORT BUSINESS SERVICES;AIRPORT BUSINESS SERVICES
ALAS DEL NORTE S.A.;ALAS DEL NORTE S.A.
ALASERVIS S.R.L.;ALASERVIS S.R.L.
ALBANATI AERONAUTICS;ALBANATI AERONAUTICS
ALESAT COMBUSTIVESIS S/A;ALESAT COMBUSTIVESIS S/A
ALFA HELICOPTEROS ARGENTINA S.A.;ALFA HELICOPTEROS ARGENTINA S.A.
ALFA PLANE S.R.L.;ALFA PLANE S.R.L.
ALTUNA FRANCISCO ALBERTO;ALTUNA FRANCISCO ALBERTO
AMBITO AGROPECUARIO S.A.;AMBITO AGROPECUARIO S.A.
API GROUP INC.;API GROUP INC.
ARCOM COMPANY (BRASIL);ARCOM COMPANY (BRASIL)
ARNAUDO JUAN JOSE;ARNAUDO JUAN JOSE
ASL AIRLINES (BELGICA);ASL AIRLINES (BELGICA)
ASTRO MANAGEMENT INC.;ASTRO MANAGEMENT INC.
AT & T;AT & T
AT AND T INC;AT AND T INC
ATLAS ABC CANADA ULC;ATLAS ABC CANADA ULC
AURA AIRLINES;AURA AIRLINES
AVCON JET LIMITADA;AVCON JET LIMITADA
AVEMEX;AVEMEX
AVIACIÓN AGRÍCOLA ARGENTINA S.A.;AVIACIÓN AGRÍCOLA ARGENTINA S.A.
AVIANCA CARGO;AVIANCA CARGO
AVIASOL LLC;AVIASOL LLC
AVIATION CUYUNI;AVIATION CUYUNI
AVIATOR SERVICE (EEUU);AVIATOR SERVICE (EEUU)
BALOSSINO GABRIEL PEDRO;BALOSSINO GABRIEL PEDRO
BANK OF AMERICA;BANK OF AMERICA
BANK OF UTAH Y/O AEROCENTRO S.A;BANK OF UTAH Y/O AEROCENTRO S.A
BARREIRO MANUEL HILARIO;BARREIRO MANUEL HILARIO
BASALTO INDUSTRIAL Y COMERCIAL S.R.L.;BASALTO INDUSTRIAL Y COMERCIAL S.R.L.
BAUM JAMES;BAUM JAMES
BEECHCRAFT CORPORATION;BEECHCRAFT CORPORATION
BELL HELICOPTER;BELL HELICOPTER
BESTFLY THRU AEG;BESTFLY THRU AEG
BLUE LINE;BLUE LINE
BMZ COUROS LTDA;BMZ COUROS LTDA
BONAERENSE DE AVIACION S.A.;BONAERENSE DE AVIACION S.A.
BRA TRANSPORTES AEREOS (BRASIL);BRA TRANSPORTES AEREOS (BRASIL)
BRASILIAN EXPRESS TRANSPORTE AEREO LTD.;BRASILIAN EXPRESS TRANSPORTE AEREO LTD.
BUSINESS AERO LTD;BUSINESS AERO LTD
C. P. SAN JUAN (AEROCLUB LA LAJA);C. P. SAN JUAN (AEROCLUB LA LAJA)
CAFE TOSTADO DE EXPORTACION CV SA;CAFE TOSTADO DE EXPORTACION CV SA
CAMPANA ELIO FRANCISCO;CAMPANA ELIO FRANCISCO
CAMPOS ALFREDO;CAMPOS ALFREDO
CANADA JET CHARTERS LTD. (CANADA);CANADA JET CHARTERS LTD. (CANADA)
CARDINAL ASSCIATES LLC;CARDINAL ASSCIATES LLC
CAROLINA AIRCRAFT;CAROLINA AIRCRAFT
CAT AVIATION;CAT AVIATION
CATA S.A.C.I.F.I.;CATA S.A.C.I.F.I.
CATONI JAVIER;CATONI JAVIER
CAYSSIALS ANIBAL PEDRO;CAYSSIALS ANIBAL PEDRO
CEDARHURST AIR CHARTER;CEDARHURST AIR CHARTER
CEDMA S.R.L.;CEDMA S.R.L.
CELSO FRANCISCO SCHMIDT;CELSO FRANCISCO SCHMIDT
CENTRAL CHARTER;CENTRAL CHARTER
CENTRAL TRAVEL S.A.;CENTRAL TRAVEL S.A.
CENTRO DE ENSINO UNIFICADO DO MARANAHO;CENTRO DE ENSINO UNIFICADO DO MARANAHO
CHRISTOPHER TORREY BREEDEN;CHRISTOPHER TORREY BREEDEN
CITIGROUP INC;CITIGROUP INC
CLUB PLANEADORES CUTRAL CO;CLUB PLANEADORES CUTRAL CO
CMC GROUP LLC;CMC GROUP LLC
CNEA FORMOSA;CNEA FORMOSA
COBRAZEM LTDA AGROINDUSTRIAL;COBRAZEM LTDA AGROINDUSTRIAL
COLLEN CORPORATION;COLLEN CORPORATION
CONSORCIO UNIBANCO BW(BRASIL);CONSORCIO UNIBANCO BW(BRASIL)
CONSTRUCTORA ANDRADE GUTIERREZ;CONSTRUCTORA ANDRADE GUTIERREZ
CONSTRUCTORA SAMBIL C.A.;CONSTRUCTORA SAMBIL C.A.
CONSULAR CONSULTORES ARG. ASOC. S.A.;CONSULAR CONSULTORES ARG. ASOC. S.A.
CONSULTING AND SALE INC;CONSULTING AND SALE INC
CONTRERAS ANDREA CRISTINA;CONTRERAS ANDREA CRISTINA
CORPORATE JET MANAGEMENT S.A. (MIAMI);CORPORATE JET MANAGEMENT S.A. (MIAMI)
CORTEVA AGRISCIENCE;CORTEVA AGRISCIENCE
COVE AVIATION PARTNERS LLC;COVE AVIATION PARTNERS LLC
CREDIT SUISSE AG;CREDIT SUISSE AG
CROSSLANDS INTERNATIONAL LLC;CROSSLANDS INTERNATIONAL LLC
CUA;CUA
CUERPO DE MARINA DE EEUU;CUERPO DE MARINA DE EEUU
DANIEL HADAD S.A.;DANIEL HADAD S.A.
DE MARIA;DE MARIA
DE OLIVEIRA ANTONIO ROBERTO (BRASIL);DE OLIVEIRA ANTONIO ROBERTO (BRASIL)
DECIUS GERHALD MICHAEL;DECIUS GERHALD MICHAEL
DECKER RAUL OMAR;DECKER RAUL OMAR
DEER JET BEIJING CO LTD;DEER JET BEIJING CO LTD
DELPHIA PARTICIPADORES S.S.;DELPHIA PARTICIPADORES S.S.
DESARROLADORA URBANA S.A.;DESARROLADORA URBANA S.A.
DI VETRO S.A.;DI VETRO S.A.
DIAMOND TRADIND;DIAMOND TRADIND
DICKINSON, JHON (BRASIL);DICKINSON, JHON (BRASIL)
DINO CORPORATION LLC;DINO CORPORATION LLC
DIR. DE AERON. DE LA PCIA. DEL CHUBUT;DIR. DE AERON. DE LA PCIA. DEL CHUBUT
DIR. PROV AVIACION CIVIL SALTA;DIR. PROV AVIACION CIVIL SALTA
DISVECO;DISVECO
DOT AVIATION LLC;DOT AVIATION LLC
DOWBLEY RUBEN OSCAR;DOWBLEY RUBEN OSCAR
EASY TRIP;EASY TRIP
EJECUTIVA DE TRANSPORTE (MEXICO);EJECUTIVA DE TRANSPORTE (MEXICO)
EJERCITO DE CHILE;EJERCITO DE CHILE
EL COMEL SRL;EL COMEL SRL
ELETROCAL;ELETROCAL
ELY;ELY
EMIVAL ETERNO DA COSTA;EMIVAL ETERNO DA COSTA
EMPRESA OMNIBUS DA PENA (BRASIL);EMPRESA OMNIBUS DA PENA (BRASIL)
ENRIQUE ANDRES SALOMONI QUEVEDO;ENRIQUE ANDRES SALOMONI QUEVEDO
ERCOLE PEDRO CARLOS;ERCOLE PEDRO CARLOS
ERNST Y YOUNG (EEUU);ERNST Y YOUNG (EEUU)
ESTATE OF REESE M. ROWLING (EEUU);ESTATE OF REESE M. ROWLING (EEUU)
ETAP;ETAP
EVERGREEN AVIATION INC..;EVERGREEN AVIATION INC..
EXCEL SERVICIOS AEREOS S.A.;EXCEL SERVICIOS AEREOS S.A.
EXECAIRE FLIGHT;EXECAIRE FLIGHT
EXECAIRE LTDA.(CANADA);EXECAIRE LTDA.(CANADA)
FAI AMBULANCE;FAI AMBULANCE
FALCON MAINTENANCE CORP. (EEUU);FALCON MAINTENANCE CORP. (EEUU)
FALCONER;FALCONER
FARGIONI SERVICIOS AEREOS S.R.L.;FARGIONI SERVICIOS AEREOS S.R.L.
FERABIG PARTICIPACOES LTDA;FERABIG PARTICIPACOES LTDA
FLEX FLIGHTTAPS;FLEX FLIGHTTAPS
FLIGHTCENTER S.R.L.;FLIGHTCENTER S.R.L.
FLIGHTWORX AVIATION RD;FLIGHTWORX AVIATION RD
FLIR SYSTEMS INC;FLIR SYSTEMS INC
FLY HIGH 2 LLC;FLY HIGH 2 LLC
FLY TANGO;FLY TANGO
FLY YH LTD;FLY YH LTD
FLYBOYS S.A.;FLYBOYS S.A.
FLYING PATAGONIA S.R.L.;FLYING PATAGONIA S.R.L.
FLYING TIME S.R.L.;FLYING TIME S.R.L.
FLYNG PARTENERS;FLYNG PARTENERS
FORRAJERAS AVANZADAS S.A.;FORRAJERAS AVANZADAS S.A.
FORT LAUDERDALE AIRCRAFT SALES;FORT LAUDERDALE AIRCRAFT SALES
FREEDoméstico BERMUDA;FREEDoméstico BERMUDA
FUERZA AEREA ITALIANA;FUERZA AEREA ITALIANA
GAMA AVIATION BUSSINES (BERMUDAS);GAMA AVIATION BUSSINES (BERMUDAS)
GAMMA AVIATION INC;GAMMA AVIATION INC
GANADERA ALBORADA SOCIEDAD ANONIMA;GANADERA ALBORADA SOCIEDAD ANONIMA
GANADERIA LA CONCORDIA S.A;GANADERIA LA CONCORDIA S.A
GARCÍA ALFREDO ENRIQUE;GARCÍA ALFREDO ENRIQUE
GARRAT CAROLANN;GARRAT CAROLANN
GAVS ADMINISTRACAO E PARTICIPACAO LTDA;GAVS ADMINISTRACAO E PARTICIPACAO LTDA
GEMINI AIR CARGO;GEMINI AIR CARGO
GIRO, EDUARDO MAXIMILIANO;GIRO, EDUARDO MAXIMILIANO
GIULIAIR INC TRUSTEE;GIULIAIR INC TRUSTEE
GLOBAL AIR CORP I LLC;GLOBAL AIR CORP I LLC
GLOBAL EXEC AVIATION;GLOBAL EXEC AVIATION
GLOBAL TAXI AEREO LTDA;GLOBAL TAXI AEREO LTDA
GLOBEAERO LDT. INC.;GLOBEAERO LDT. INC.
GO FLY SRL;GO FLY SRL
GOIASMINA INDUSTRIA DE LATICINIOS LTDA;GOIASMINA INDUSTRIA DE LATICINIOS LTDA
GOOGLE LLC;GOOGLE LLC
GRANTED NETJETS AVIATION INC;GRANTED NETJETS AVIATION INC
GUMERCINDO BARROSO MACHADO;GUMERCINDO BARROSO MACHADO
GUNTER SCHUSTER;GUNTER SCHUSTER
GUTIERREZ GUTIERREZ, RICARDO;GUTIERREZ GUTIERREZ, RICARDO
HABOCK AVIATION ARGENTINA S.A.;HABOCK AVIATION ARGENTINA S.A.
HANGAR 69 S.A.;HANGAR 69 S.A.
HANGAR 8 MANAGEMENT LTD;HANGAR 8 MANAGEMENT LTD
HELIEXPRESS;HELIEXPRESS
HENRIQUE XAVIER;HENRIQUE XAVIER
HERBERT BAUGMGARTNER;HERBERT BAUGMGARTNER
HERBERT BAUMGARTNER;HERBERT BAUMGARTNER
HERRERO LABANCA MARIA DEL PILAR;HERRERO LABANCA MARIA DEL PILAR
HIGH BIRD LLC;HIGH BIRD LLC
ICELANDAIR;ICELANDAIR
IGREJA MANA;IGREJA MANA
IMPERADOR ADM PARTICIPACOES LTDA.;IMPERADOR ADM PARTICIPACOES LTDA.
INST SUP ESTUDIOS AERON;INST SUP ESTUDIOS AERON
Internacional TRANS AIR (BULGARIA);Internacional TRANS AIR (BULGARIA)
InternacionalNATIONAL GENERAL SERVICES S.A.;InternacionalNATIONAL GENERAL SERVICES S.A.
INTERNATIONAL LIMITED NET JETS TRAN. AER;INTERNATIONAL LIMITED NET JETS TRAN. AER
INVERSIONES ALFAMAQ AUTH BOLIVIA NR;INVERSIONES ALFAMAQ AUTH BOLIVIA NR
INVERSIONES STANFORD S.A. (CHILE);INVERSIONES STANFORD S.A. (CHILE)
IRIGOYEN MAURICIO DANIEL;IRIGOYEN MAURICIO DANIEL
ISTILLARTE ALBERTO PEDRO;ISTILLARTE ALBERTO PEDRO
ITALI AIRLINES;ITALI AIRLINES
JAUREGUI LORDA S.R.L.;JAUREGUI LORDA S.R.L.
JE CONSULTING LLC;JE CONSULTING LLC
JET CONCIERGE;JET CONCIERGE
JET LINK AVIATION LLC;JET LINK AVIATION LLC
JET LINX AVIATION LLC;JET LINX AVIATION LLC
JET SUL T.A. (BRASIL);JET SUL T.A. (BRASIL)
JETALLIACE;JETALLIACE
JETCAPITAL;JETCAPITAL
JETEX FLIGHT SUPPORT;JETEX FLIGHT SUPPORT
JOAO A. VICENTE DE ALMEIDA CARDADEIRO;JOAO A. VICENTE DE ALMEIDA CARDADEIRO
JOAO ALEXANDRE VICENTE DE ALM. CARDEIRO;JOAO ALEXANDRE VICENTE DE ALM. CARDEIRO
JUAN REAL IRIGOYEN;JUAN REAL IRIGOYEN
JULIO FEDERICO BOEHLER;JULIO FEDERICO BOEHLER
KB PARTICIPACOES E EMPREENDIMIENTOS LTDA;KB PARTICIPACOES E EMPREENDIMIENTOS LTDA
KENT DISTRIBUTORS INC;KENT DISTRIBUTORS INC
KILDAL ARTURO;KILDAL ARTURO
KRATOS AEROSERIVICIOS;KRATOS AEROSERIVICIOS
LALESIDE AVIATION;LALESIDE AVIATION
LASAS HANGARAGEM DE AERONAVES EIRELI-EPP;LASAS HANGARAGEM DE AERONAVES EIRELI-EPP
LATASH LLC;LATASH LLC
LAUDA AIR (AUSTRIA);LAUDA AIR (AUSTRIA)
LD AVIATION;LD AVIATION
LD SERVICE LLC;LD SERVICE LLC
LILIANA;LILIANA
LIMITED BLANDS INC (EEUU);LIMITED BLANDS INC (EEUU)
LINEA AEREA DEL ECUADOR;LINEA AEREA DEL ECUADOR
LIONEL GERONIMO ROSSI CORIA;LIONEL GERONIMO ROSSI CORIA
LITTLE AIR DREAM;LITTLE AIR DREAM
LOWY JUNIOR GEORGE ALLAN;LOWY JUNIOR GEORGE ALLAN
LUCENT AVIATION DIVISION;LUCENT AVIATION DIVISION
MALETH- AERO;MALETH- AERO
MANA PARTICIPACOES E SERVICOS;MANA PARTICIPACOES E SERVICOS
MANDROL EMPRENDIMIENTOS E PARTICIPACOES;MANDROL EMPRENDIMIENTOS E PARTICIPACOES
MARCONDES LUIZ ROBERTO BERALDI;MARCONDES LUIZ ROBERTO BERALDI
MARIAD EXPORTACION (BRASIL);MARIAD EXPORTACION (BRASIL)
MARIGOT FLIGHT SERVICE;MARIGOT FLIGHT SERVICE
MAX FLY AVIATION INC;MAX FLY AVIATION INC
MD. HELICOPTEROS;MD. HELICOPTEROS
MEDICAL JET S.A.;MEDICAL JET S.A.
MELANIO DELGADO GARCIA INC.;MELANIO DELGADO GARCIA INC.
MERIDIAN ASSOCIATES;MERIDIAN ASSOCIATES
MEYER DE CASANOVAS MARIA;MEYER DE CASANOVAS MARIA
MINISTERIO INTERNACIONAL EL REY JESUS;MINISTERIO INTERNACIONAL EL REY JESUS
MISTRAL AIR S.R.L.;MISTRAL AIR S.R.L.
MOERI NICLAUS ERNESTO;MOERI NICLAUS ERNESTO
MONEY GLOBAL LTD;MONEY GLOBAL LTD
MONSU NICOLÁS LUIS;MONSU NICOLÁS LUIS
MORGAN SERVICES INC.;MORGAN SERVICES INC.
MR AVIATION LLC;MR AVIATION LLC
MRCB AERONÁUTICA S.R.L.;MRCB AERONÁUTICA S.R.L.
MURATURE REGGIARDO, LUCIO SANTIAGO;MURATURE REGGIARDO, LUCIO SANTIAGO
MYM ADMINISTRACAO E PARTICIPASOES LTA;MYM ADMINISTRACAO E PARTICIPASOES LTA
NAKHEEK AVIATION;NAKHEEK AVIATION
NATAN ASSESSORIA E CONSULTORIA (BRASIL);NATAN ASSESSORIA E CONSULTORIA (BRASIL)
NAVIERA MISTRAL SA;NAVIERA MISTRAL SA
NET AVIATION INC;NET AVIATION INC
NEW WORLD AVIATION;NEW WORLD AVIATION
NOMAD AVIATION;NOMAD AVIATION
NORMAN AIRCRAFT LEASING INC;NORMAN AIRCRAFT LEASING INC
NOVA AMERICA S.A. ALIMENTOS;NOVA AMERICA S.A. ALIMENTOS
NVDA;NVDA
OB AVIATION (EEUU);OB AVIATION (EEUU)
ODYSSEY AVIATION LLC;ODYSSEY AVIATION LLC
OLGA INTASCHI DE CARVALHO CUNHA;OLGA INTASCHI DE CARVALHO CUNHA
OREGON FLIGHT SERVICES;OREGON FLIGHT SERVICES
P6;P6
PACIFICA HELICOPTEROS LTDA;PACIFICA HELICOPTEROS LTDA
PAMPLAMOUSSE (EEUU);PAMPLAMOUSSE (EEUU)
PARAGRICOLA S.R.L.;PARAGRICOLA S.R.L.
PARAGUAY AIR SERVICE S.A;PARAGUAY AIR SERVICE S.A
PASSARO AZUL TAXI AEREO;PASSARO AZUL TAXI AEREO
PAUL GABEL;PAUL GABEL
PEDRESCHI JORGE;PEDRESCHI JORGE
PEGASUS CAPITAL COLE AVIATION SERVICES;PEGASUS CAPITAL COLE AVIATION SERVICES
PEGASUS LLC.;PEGASUS LLC.
PERALTA PABLO FABIAN;PERALTA PABLO FABIAN
PERFORMANCE AIR;PERFORMANCE AIR
PETROLEOS DE VENEZUELA S.A;PETROLEOS DE VENEZUELA S.A
PILOT PARTNERSS II LLC;PILOT PARTNERSS II LLC
PILOTOS FORESTALES S.A.;PILOTOS FORESTALES S.A.
PINACLE OPERATIONS;PINACLE OPERATIONS
PLANE FOLK LLC.;PLANE FOLK LLC.
PLEANA SRL;PLEANA SRL
POLI FABRIL S.A;POLI FABRIL S.A
PRODUCTOS PARAGUAYOS PARA LA EXPORTACION;PRODUCTOS PARAGUAYOS PARA LA EXPORTACION
PROGRESSIVE JET SOLUTION;PROGRESSIVE JET SOLUTION
PROYECCIONES RAFAELA;PROYECCIONES RAFAELA
PTP WARRANT S.A.;PTP WARRANT S.A.
RADIAL 340 S.A.S.;RADIAL 340 S.A.S.
RAFAEL VINOLI APC;RAFAEL VINOLI APC
RAUL ALEJANDRO ANTONINO;RAUL ALEJANDRO ANTONINO
REAL ESTATE SERVICES INTL;REAL ESTATE SERVICES INTL
RIBEIRO FORTES ABUCHAM, RENATO;RIBEIRO FORTES ABUCHAM, RENATO
RICHPORT AIR LLC;RICHPORT AIR LLC
RIO DAS PEDRAS (BRASIL);RIO DAS PEDRAS (BRASIL)
RITTER CHRISTOPH;RITTER CHRISTOPH
ROCKY MOUNTAIN AVIATION;ROCKY MOUNTAIN AVIATION
RSE COMPANY OF DELAWARE INC;RSE COMPANY OF DELAWARE INC
RUA GROUP CIB;RUA GROUP CIB
SACCONI MATIAS;SACCONI MATIAS
SAGANIAS OSMAR HAROLDO;SAGANIAS OSMAR HAROLDO
SAPSA;SAPSA
SAVON IND.COM. E EXPORTACAO LTDA.;SAVON IND.COM. E EXPORTACAO LTDA.
SBARDOLINI LUIS OSVALDO;SBARDOLINI LUIS OSVALDO
SCM ARUBA;SCM ARUBA
SERIPATRI PARTICIPACOES LTDA;SERIPATRI PARTICIPACOES LTDA
SERVICIOS AEREOS NOTICIOSOS S.A.(MEXICO);SERVICIOS AEREOS NOTICIOSOS S.A.(MEXICO)
SERVICIOS EJECUTIVOS AEREOS VIZ S.A;SERVICIOS EJECUTIVOS AEREOS VIZ S.A
SIERRA GOLF S.R.L.;SIERRA GOLF S.R.L.
SIGNATURE AIRCRAFT LTDA;SIGNATURE AIRCRAFT LTDA
SILVA UILSON ROBERTO;SILVA UILSON ROBERTO
SKY CLEAR (AEROKERN NOMBRE FANTASIA);SKY CLEAR (AEROKERN NOMBRE FANTASIA)
SLERA ADVOGADOS ASSOCIAOS;SLERA ADVOGADOS ASSOCIAOS
SOCIEDAD AERONAUTICA S.R.L.;SOCIEDAD AERONAUTICA S.R.L.
SOLOJET SERVICIOS AERONAUTICOS SA;SOLOJET SERVICIOS AERONAUTICOS SA
SONNIG SA;SONNIG SA
SOYAPAMPA S.A.;SOYAPAMPA S.A.
STARFLITE MANAGEMENT GROUP INC.;STARFLITE MANAGEMENT GROUP INC.
STARSHIP ENTERPRISE LEASING;STARSHIP ENTERPRISE LEASING
SUPER MATRIX FINAHCE  CORPORATION;SUPER MATRIX FINAHCE  CORPORATION
SWISS AIR AMBULANCE;SWISS AIR AMBULANCE
SWISS JET LTD;SWISS JET LTD
TAG AVIATION HOUSTON;TAG AVIATION HOUSTON
TAI LEASING INC.;TAI LEASING INC.
TAM LINEAS AEREAS S.A.;LATAM
TAME EP;TAME EP
TAXI AEREO SKYLIFT (BRASIL);TAXI AEREO SKYLIFT (BRASIL)
THRUSH AIRCRAFT INC.;THRUSH AIRCRAFT INC.
TIMEN S.A;TIMEN S.A
TJ CAPITAL INVESTORS LLC;TJ CAPITAL INVESTORS LLC
TORRES ADRIAN PATRICIO;TORRES ADRIAN PATRICIO
TORRES CARLOS RAUL;TORRES CARLOS RAUL
TOUCH AND GO;TOUCH AND GO
TRANSAMERICA LINEA AEREA (PARAGUAY);TRANSAMERICA LINEA AEREA (PARAGUAY)
TRANSPORTE AEREO PATAGONICO;TRANSPORTE AEREO PATAGONICO
TRANSPORTE EL NACIONAL S.A.;TRANSPORTE EL NACIONAL S.A.
TRASNCARGA INTL AIRWAYS;TRASNCARGA INTL AIRWAYS
TRESPI ALFREDO JOSE;TRESPI ALFREDO JOSE
TREY AVIATION LLC;TREY AVIATION LLC
TRT EQUITY ADVISORS LL;TRT EQUITY ADVISORS LL
TRT EQUITY ADVISORS LLC;TRT EQUITY ADVISORS LLC
TSAVO CONTINENTAL INC.;TSAVO CONTINENTAL INC.
UNIBANCO (BRASIL);UNIBANCO (BRASIL)
UNITED TECHNOLOGIES CORP. (USA);UNITED TECHNOLOGIES CORP. (USA)
VAN DAM JULIAN;VAN DAM JULIAN
VCN DAT;VCN DAT
VERMEHREN JONES PETER PAUL;VERMEHREN JONES PETER PAUL
VIAER AVIATION;VIAER AVIATION
VIBRAS S A S;VIBRAS S A S
VILARO (URUGUAY);VILARO (URUGUAY)
VOLANDO SUDAMÉRICA SOCIEDAD ANÓNIMA;VOLANDO SUDAMÉRICA SOCIEDAD ANÓNIMA
WALTER SCOTT & PARTNERS LTD;WALTER SCOTT & PARTNERS LTD
WAYFARER KETCH MANAGEMENT LLC;WAYFARER KETCH MANAGEMENT LLC
WESTWIND AVIATION S.A.;WESTWIND AVIATION S.A.
WHIRLPOOL CORPORATION;WHIRLPOOL CORPORATION
WHITE AIRWAYS;WHITE AIRWAYS
WHITE CLOUD CHARTER LLC;WHITE CLOUD CHARTER LLC
WHITE MOUNTAIN AVIATION LLC;WHITE MOUNTAIN AVIATION LLC
WHITECO INDUSTRIES INC.;WHITECO INDUSTRIES INC.
WILLIAMS;WILLIAMS
WILLIAS AVIATION;WILLIAS AVIATION
WILMINGTON TRUST CO TRUSTEE;WILMINGTON TRUST CO TRUSTEE
WIND CRUISER S.A.;WIND CRUISER S.A.
WINDSOR JET MANAGEMENT;WINDSOR JET MANAGEMENT
WINGS OFEAGLES ARGENTINA TRADE INC;WINGS OFEAGLES ARGENTINA TRADE INC
WORLD WIDE JET;WORLD WIDE JET
XAIMEN AIRLINES;XAIMEN AIRLINES
XIAMEN AIRLINES;XIAMEN AIRLINES
YUM!  BRANDS INC;YUM!  BRANDS INC
ZUBILLAGA ARTURO;ZUBILLAGA ARTURO
ZUBIZARRETA CARLOS DANIEL;ZUBIZARRETA CARLOS DANIEL
